x,mu,std
0.00000,0.18372,0.29396
64.00000,0.30214,0.46727
128.00000,0.41819,0.63423
192.00000,0.52597,0.78794
256.00000,0.63673,0.93997
320.00000,0.73922,1.07667
384.00000,0.83573,1.19540
448.00000,0.93274,1.31357
512.00000,1.02225,1.40905
576.00000,1.11102,1.50212
640.00000,1.19817,1.59303
704.00000,1.28245,1.67624
768.00000,1.36634,1.76096
832.00000,1.44489,1.83196
896.00000,1.52100,1.89725
960.00000,1.59968,1.97474
1024.00000,1.67161,2.03710
1088.00000,1.74607,2.10146
1152.00000,1.81699,2.16161
1216.00000,1.88519,2.21366
1280.00000,1.95206,2.26919
1344.00000,2.02032,2.32506
1408.00000,2.08366,2.37319
1472.00000,2.14449,2.41992
1536.00000,2.20789,2.46620
1600.00000,2.26736,2.50681
1664.00000,2.32728,2.54996
1728.00000,2.39010,2.59587
1792.00000,2.45076,2.63622
1856.00000,2.50996,2.67524
1920.00000,2.56884,2.71408
1984.00000,2.62783,2.75370
2048.00000,2.68309,2.79026
2112.00000,2.73965,2.82803
2176.00000,2.79790,2.86826
2240.00000,2.85216,2.90444
2304.00000,2.90855,2.94106
2368.00000,2.96094,2.97463
2432.00000,3.01199,3.00703
2496.00000,3.06675,3.04056
2560.00000,3.11838,3.07394
2624.00000,3.17237,3.10750
2688.00000,3.22458,3.13961
2752.00000,3.27665,3.17144
2816.00000,3.32816,3.20391
2880.00000,3.37878,3.23520
2944.00000,3.42752,3.26634
3008.00000,3.47492,3.29492
3072.00000,3.52434,3.32614
3136.00000,3.57136,3.35291
3200.00000,3.61528,3.37714
3264.00000,3.66066,3.40274
3328.00000,3.70505,3.42672
3392.00000,3.74961,3.45164
3456.00000,3.79417,3.47788
3520.00000,3.83903,3.50246
3584.00000,3.88278,3.52698
3648.00000,3.92517,3.54897
3712.00000,3.96869,3.56944
3776.00000,4.01412,3.59531
3840.00000,4.05663,3.61765
3904.00000,4.10002,3.64108
3968.00000,4.14427,3.66357
4032.00000,4.18594,3.68582
4096.00000,4.22746,3.70773
4160.00000,4.26802,3.72985
4224.00000,4.31000,3.74998
4288.00000,4.34872,3.77164
4352.00000,4.38853,3.79113
4416.00000,4.42984,3.81666
4480.00000,4.47168,3.83720
4544.00000,4.50883,3.85764
4608.00000,4.54678,3.87760
4672.00000,4.58342,3.89487
4736.00000,4.62095,3.91200
4800.00000,4.65691,3.93032
4864.00000,4.69438,3.94852
4928.00000,4.73213,3.96645
4992.00000,4.77003,3.98411
5056.00000,4.80691,4.00314
5120.00000,4.84375,4.02003
5184.00000,4.87983,4.03573
5248.00000,4.91362,4.05371
5312.00000,4.94919,4.07242
5376.00000,4.98247,4.09155
5440.00000,5.01545,4.10703
5504.00000,5.04888,4.12297
5568.00000,5.08299,4.13784
5632.00000,5.11733,4.15480
5696.00000,5.15206,4.17015
5760.00000,5.18504,4.18440
5824.00000,5.21944,4.20082
5888.00000,5.25279,4.21621
5952.00000,5.28464,4.22848
6016.00000,5.31833,4.24403
6080.00000,5.35070,4.25678
6144.00000,5.38295,4.27211
6208.00000,5.41465,4.28392
6272.00000,5.44511,4.29610
6336.00000,5.47658,4.30867
6400.00000,5.50815,4.32114
6464.00000,5.53885,4.33529
6528.00000,5.57003,4.35095
6592.00000,5.60079,4.36460
6656.00000,5.63067,4.37726
6720.00000,5.66129,4.39026
6784.00000,5.68974,4.40122
6848.00000,5.71997,4.41382
6912.00000,5.74979,4.42586
6976.00000,5.78173,4.43883
7040.00000,5.81142,4.45193
7104.00000,5.84206,4.46362
7168.00000,5.86920,4.47433
7232.00000,5.89776,4.48549
7296.00000,5.92681,4.49436
7360.00000,5.95540,4.50537
7424.00000,5.98452,4.51760
7488.00000,6.01359,4.52867
7552.00000,6.04143,4.53908
7616.00000,6.06961,4.55001
7680.00000,6.09724,4.56255
7744.00000,6.12572,4.57520
7808.00000,6.15422,4.58783
7872.00000,6.18190,4.59733
7936.00000,6.21107,4.60797
8000.00000,6.23936,4.62058
8064.00000,6.26722,4.63132
8128.00000,6.29423,4.64253
8192.00000,6.32006,4.65437
8256.00000,6.34758,4.66599
8320.00000,6.37728,4.68015
8384.00000,6.40328,4.69131
8448.00000,6.42957,4.70123
8512.00000,6.45623,4.71213
8576.00000,6.48292,4.72209
8640.00000,6.50837,4.73101
8704.00000,6.53191,4.74007
8768.00000,6.55780,4.75011
8832.00000,6.58423,4.76037
8896.00000,6.61132,4.77281
8960.00000,6.63650,4.78254
9024.00000,6.66130,4.79206
9088.00000,6.68562,4.80226
9152.00000,6.71338,4.81654
9216.00000,6.73782,4.82697
9280.00000,6.76055,4.83587
9344.00000,6.78593,4.84624
9408.00000,6.81058,4.85660
9472.00000,6.83351,4.86321
9536.00000,6.85877,4.87350
9600.00000,6.88081,4.88169
9664.00000,6.90298,4.88975
9728.00000,6.92651,4.89829
9792.00000,6.95034,4.90766
9856.00000,6.97365,4.91579
9920.00000,6.99733,4.92884
9984.00000,7.01925,4.93535
10048.00000,7.04208,4.94376
10112.00000,7.06334,4.95214
10176.00000,7.08707,4.95973
10240.00000,7.11097,4.96970
10304.00000,7.13277,4.97885
10368.00000,7.15638,4.98742
10432.00000,7.17763,4.99494
10496.00000,7.20028,5.00380
10560.00000,7.22218,5.01328
10624.00000,7.24436,5.02128
10688.00000,7.26664,5.02884
10752.00000,7.29026,5.03860
10816.00000,7.31192,5.04637
10880.00000,7.33282,5.05533
10944.00000,7.35392,5.06141
11008.00000,7.37463,5.06983
11072.00000,7.39501,5.07686
11136.00000,7.41590,5.08619
11200.00000,7.43842,5.09467
11264.00000,7.46029,5.10230
11328.00000,7.48139,5.10971
11392.00000,7.50327,5.11772
11456.00000,7.52449,5.12673
11520.00000,7.54508,5.13494
11584.00000,7.56550,5.14127
11648.00000,7.58535,5.14755
11712.00000,7.60588,5.15387
11776.00000,7.62783,5.16061
11840.00000,7.64781,5.16805
11904.00000,7.66832,5.17514
11968.00000,7.68989,5.18172
12032.00000,7.71055,5.18900
12096.00000,7.73060,5.19682
12160.00000,7.75007,5.20447
12224.00000,7.77054,5.20960
12288.00000,7.79101,5.21690
12352.00000,7.81060,5.22392
12416.00000,7.82924,5.23021
12480.00000,7.84839,5.23483
12544.00000,7.86674,5.24280
12608.00000,7.88570,5.25002
12672.00000,7.90506,5.25718
12736.00000,7.92418,5.26431
12800.00000,7.94395,5.27094
12864.00000,7.96293,5.27755
12928.00000,7.98162,5.28463
12992.00000,8.00002,5.29042
13056.00000,8.01982,5.29804
13120.00000,8.03860,5.30438
13184.00000,8.05759,5.31338
13248.00000,8.07739,5.32075
13312.00000,8.09717,5.32824
13376.00000,8.11549,5.33595
13440.00000,8.13477,5.34391
13504.00000,8.15354,5.34929
13568.00000,8.17185,5.35599
13632.00000,8.19006,5.36233
13696.00000,8.20869,5.36680
13760.00000,8.22677,5.37268
13824.00000,8.24454,5.37819
13888.00000,8.26187,5.38254
13952.00000,8.27947,5.38839
14016.00000,8.29769,5.39446
14080.00000,8.31605,5.40175
14144.00000,8.33343,5.40720
14208.00000,8.35159,5.41335
14272.00000,8.36883,5.41869
14336.00000,8.38504,5.42364
14400.00000,8.40276,5.42865
14464.00000,8.41978,5.43208
14528.00000,8.43659,5.43713
14592.00000,8.45489,5.44385
14656.00000,8.47207,5.44977
14720.00000,8.49023,5.45629
14784.00000,8.50817,5.46342
14848.00000,8.52486,5.46824
14912.00000,8.54191,5.47318
14976.00000,8.55860,5.47866
15040.00000,8.57395,5.48381
15104.00000,8.59044,5.48733
15168.00000,8.60524,5.49124
15232.00000,8.62171,5.49685
15296.00000,8.63845,5.50343
15360.00000,8.65584,5.50994
15424.00000,8.67232,5.51546
15488.00000,8.68992,5.52319
15552.00000,8.70568,5.52810
15616.00000,8.72221,5.53399
15680.00000,8.73905,5.53998
15744.00000,8.75470,5.54624
15808.00000,8.77071,5.55123
15872.00000,8.78692,5.55557
15936.00000,8.80295,5.56136
16000.00000,8.82079,5.56663
16064.00000,8.83652,5.57155
16128.00000,8.85333,5.57645
16192.00000,8.86882,5.58028
16256.00000,8.88438,5.58561
16320.00000,8.90161,5.59350
16384.00000,8.91789,5.59826
16448.00000,8.93481,5.60410
16512.00000,8.95032,5.60832
16576.00000,8.96624,5.61297
16640.00000,8.98175,5.61646
16704.00000,8.99890,5.62173
16768.00000,9.01417,5.62720
16832.00000,9.03037,5.63251
16896.00000,9.04566,5.63669
16960.00000,9.06142,5.64097
17024.00000,9.07667,5.64436
17088.00000,9.09064,5.64873
17152.00000,9.10610,5.65275
17216.00000,9.12124,5.65697
17280.00000,9.13629,5.66052
17344.00000,9.15174,5.66645
17408.00000,9.16679,5.67145
17472.00000,9.18202,5.67787
17536.00000,9.19700,5.68333
17600.00000,9.21199,5.68837
17664.00000,9.22742,5.69326
17728.00000,9.24271,5.69777
17792.00000,9.25624,5.70094
17856.00000,9.27266,5.70743
17920.00000,9.28901,5.71210
17984.00000,9.30443,5.71692
18048.00000,9.31920,5.72170
18112.00000,9.33494,5.72803
18176.00000,9.34958,5.73270
18240.00000,9.36385,5.73652
18304.00000,9.37765,5.74070
18368.00000,9.39274,5.74597
18432.00000,9.40662,5.74987
18496.00000,9.42081,5.75319
18560.00000,9.43511,5.75624
18624.00000,9.45051,5.76167
18688.00000,9.46451,5.76604
18752.00000,9.47888,5.76997
18816.00000,9.49336,5.77708
18880.00000,9.50805,5.78171
18944.00000,9.52311,5.78736
19008.00000,9.53781,5.79190
19072.00000,9.55198,5.79552
19136.00000,9.56564,5.79829
19200.00000,9.58057,5.80265
19264.00000,9.59483,5.80584
19328.00000,9.60797,5.80883
19392.00000,9.62232,5.81245
19456.00000,9.63749,5.81500
19520.00000,9.65144,5.81931
19584.00000,9.66479,5.82308
19648.00000,9.67849,5.82696
19712.00000,9.69221,5.83132
19776.00000,9.70711,5.83629
19840.00000,9.72107,5.83884
19904.00000,9.73451,5.84208
19968.00000,9.74800,5.84546
20032.00000,9.76218,5.84967
20096.00000,9.77664,5.85464
20160.00000,9.79157,5.85799
20224.00000,9.80426,5.86154
20288.00000,9.81822,5.86583
20352.00000,9.83167,5.86841
20416.00000,9.84550,5.87251
20480.00000,9.85953,5.87555
20544.00000,9.87326,5.87957
20608.00000,9.88727,5.88115
20672.00000,9.90089,5.88495
20736.00000,9.91462,5.88765
20800.00000,9.92926,5.89299
20864.00000,9.94297,5.89766
20928.00000,9.95857,5.90642
20992.00000,9.97118,5.91018
21056.00000,9.98425,5.91369
21120.00000,9.99732,5.91746
21184.00000,10.01313,5.92205
21248.00000,10.02633,5.92641
21312.00000,10.03916,5.92987
21376.00000,10.05289,5.93107
21440.00000,10.06685,5.93398
21504.00000,10.08131,5.93924
21568.00000,10.09367,5.94133
21632.00000,10.10826,5.94421
21696.00000,10.12127,5.94688
21760.00000,10.13433,5.95001
21824.00000,10.14716,5.95375
21888.00000,10.16033,5.95698
21952.00000,10.17288,5.95930
22016.00000,10.18566,5.96216
22080.00000,10.20019,5.96655
22144.00000,10.21314,5.97098
22208.00000,10.22685,5.97664
22272.00000,10.24031,5.97978
22336.00000,10.25231,5.98421
22400.00000,10.26508,5.98664
22464.00000,10.27698,5.98943
22528.00000,10.29004,5.99213
22592.00000,10.30237,5.99478
22656.00000,10.31671,6.00016
22720.00000,10.32881,6.00265
22784.00000,10.34187,6.00485
22848.00000,10.35528,6.01010
22912.00000,10.36765,6.01330
22976.00000,10.38098,6.01648
23040.00000,10.39380,6.02050
23104.00000,10.40784,6.02423
23168.00000,10.41973,6.02719
23232.00000,10.43314,6.03175
23296.00000,10.44574,6.03648
23360.00000,10.45771,6.04007
23424.00000,10.47017,6.04151
23488.00000,10.48225,6.04429
23552.00000,10.49493,6.04872
23616.00000,10.50736,6.05219
23680.00000,10.52002,6.05581
23744.00000,10.53154,6.05707
23808.00000,10.54452,6.05924
23872.00000,10.55634,6.06187
23936.00000,10.56960,6.06618
24000.00000,10.58233,6.06891
24064.00000,10.59568,6.07264
24128.00000,10.60868,6.07610
24192.00000,10.62172,6.08053
24256.00000,10.63498,6.08513
24320.00000,10.64731,6.08897
24384.00000,10.65862,6.09070
24448.00000,10.67032,6.09205
24512.00000,10.68356,6.09708
24576.00000,10.69537,6.10101
24640.00000,10.70735,6.10370
24704.00000,10.72009,6.10896
24768.00000,10.73227,6.11080
24832.00000,10.74371,6.11389
24896.00000,10.75592,6.11639
24960.00000,10.76738,6.11919
25024.00000,10.77984,6.12198
25088.00000,10.79134,6.12565
25152.00000,10.80302,6.12838
25216.00000,10.81511,6.13267
25280.00000,10.82738,6.13535
25344.00000,10.84001,6.13984
25408.00000,10.85241,6.14206
25472.00000,10.86483,6.14720
25536.00000,10.87612,6.15051
25600.00000,10.88889,6.15467
25664.00000,10.90124,6.15981
25728.00000,10.91504,6.16493
25792.00000,10.92667,6.16801
25856.00000,10.94002,6.17285
25920.00000,10.95088,6.17525
25984.00000,10.96413,6.17779
26048.00000,10.97637,6.18127
26112.00000,10.98857,6.18461
26176.00000,11.00021,6.18650
26240.00000,11.01209,6.18884
26304.00000,11.02294,6.19101
26368.00000,11.03359,6.19318
26432.00000,11.04566,6.19535
26496.00000,11.05657,6.19710
26560.00000,11.06870,6.20000
26624.00000,11.08000,6.20282
26688.00000,11.09142,6.20530
26752.00000,11.10300,6.20832
26816.00000,11.11437,6.21034
26880.00000,11.12552,6.21244
26944.00000,11.13621,6.21595
27008.00000,11.14706,6.21789
27072.00000,11.15864,6.22101
27136.00000,11.17036,6.22227
27200.00000,11.18211,6.22491
27264.00000,11.19314,6.22666
27328.00000,11.20477,6.23080
27392.00000,11.21588,6.23269
27456.00000,11.22720,6.23627
27520.00000,11.23758,6.23999
27584.00000,11.24885,6.24168
27648.00000,11.25896,6.24465
27712.00000,11.26893,6.24563
27776.00000,11.28108,6.25074
27840.00000,11.29096,6.25281
27904.00000,11.30195,6.25620
27968.00000,11.31468,6.26001
28032.00000,11.32558,6.26343
28096.00000,11.33548,6.26499
28160.00000,11.34538,6.26720
28224.00000,11.35513,6.26942
28288.00000,11.36555,6.27189
28352.00000,11.37569,6.27426
28416.00000,11.38676,6.27667
28480.00000,11.39725,6.27807
28544.00000,11.40917,6.28110
28608.00000,11.41905,6.28353
28672.00000,11.43102,6.28656
28736.00000,11.44256,6.28974
28800.00000,11.45329,6.29018
28864.00000,11.46468,6.29289
28928.00000,11.47656,6.29869
28992.00000,11.48718,6.30030
29056.00000,11.49687,6.30362
29120.00000,11.50593,6.30426
29184.00000,11.51811,6.30833
29248.00000,11.52933,6.31165
29312.00000,11.54080,6.31449
29376.00000,11.55226,6.31820
29440.00000,11.56305,6.31988
29504.00000,11.57506,6.32320
29568.00000,11.58607,6.32649
29632.00000,11.59656,6.32914
29696.00000,11.60580,6.33187
29760.00000,11.61648,6.33424
29824.00000,11.62652,6.33710
29888.00000,11.63778,6.34234
29952.00000,11.64921,6.34452
30016.00000,11.66036,6.34812
30080.00000,11.67036,6.35073
30144.00000,11.68198,6.35481
30208.00000,11.69242,6.35678
30272.00000,11.70222,6.35981
30336.00000,11.71213,6.36266
30400.00000,11.72263,6.36714
30464.00000,11.73207,6.36973
30528.00000,11.74207,6.37183
30592.00000,11.75330,6.37772
30656.00000,11.76307,6.37933
30720.00000,11.77318,6.38298
30784.00000,11.78405,6.38769
30848.00000,11.79459,6.38992
30912.00000,11.80523,6.39224
30976.00000,11.81702,6.39477
31040.00000,11.82704,6.39681
31104.00000,11.83699,6.39786
31168.00000,11.84653,6.40133
31232.00000,11.85539,6.40202
31296.00000,11.86465,6.40215
31360.00000,11.87598,6.40622
31424.00000,11.88592,6.40769
31488.00000,11.89635,6.41173
31552.00000,11.90765,6.41572
31616.00000,11.91756,6.41726
31680.00000,11.92907,6.42105
31744.00000,11.93960,6.42447
31808.00000,11.94750,6.42492
31872.00000,11.95849,6.42780
31936.00000,11.96707,6.42792
32000.00000,11.97552,6.42986
32064.00000,11.98571,6.43451
32128.00000,11.99517,6.43644
32192.00000,12.00546,6.43809
32256.00000,12.01447,6.44019
32320.00000,12.02500,6.44192
32384.00000,12.03370,6.44295
32448.00000,12.04171,6.44453
32512.00000,12.05281,6.44838
32576.00000,12.06243,6.44967
32640.00000,12.07260,6.45148
32704.00000,12.08181,6.45376
32768.00000,12.09105,6.45453
32832.00000,12.09976,6.45539
32896.00000,12.10807,6.45567
32960.00000,12.11837,6.45987
33024.00000,12.12696,6.46098
33088.00000,12.13630,6.46381
33152.00000,12.14528,6.46418
33216.00000,12.15478,6.46677
33280.00000,12.16507,6.47149
33344.00000,12.17552,6.47528
33408.00000,12.18471,6.47745
33472.00000,12.19321,6.47968
33536.00000,12.20224,6.48119
33600.00000,12.21126,6.48206
33664.00000,12.21939,6.48166
33728.00000,12.22759,6.48344
33792.00000,12.23456,6.48431
33856.00000,12.24243,6.48692
33920.00000,12.25175,6.48948
33984.00000,12.26143,6.49263
34048.00000,12.26945,6.49493
34112.00000,12.27804,6.49663
34176.00000,12.28765,6.50043
34240.00000,12.29568,6.50199
34304.00000,12.30422,6.50248
34368.00000,12.31309,6.50378
34432.00000,12.32211,6.50497
34496.00000,12.33125,6.50662
34560.00000,12.33955,6.50720
34624.00000,12.34633,6.50792
34688.00000,12.35406,6.50880
34752.00000,12.36199,6.50928
34816.00000,12.37062,6.50976
34880.00000,12.38028,6.51331
34944.00000,12.39017,6.51569
35008.00000,12.39896,6.51895
35072.00000,12.40640,6.51984
35136.00000,12.41451,6.52183
35200.00000,12.42175,6.52176
35264.00000,12.42821,6.52235
35328.00000,12.43675,6.52446
35392.00000,12.44485,6.52609
35456.00000,12.45203,6.52684
35520.00000,12.45961,6.52787
35584.00000,12.46761,6.52820
35648.00000,12.47434,6.52821
35712.00000,12.48313,6.53137
35776.00000,12.49127,6.53273
35840.00000,12.49885,6.53470
35904.00000,12.50755,6.53639
35968.00000,12.51538,6.53813
36032.00000,12.52394,6.54014
36096.00000,12.53236,6.54109
36160.00000,12.53991,6.54423
36224.00000,12.54582,6.54341
36288.00000,12.55388,6.54564
36352.00000,12.56085,6.54681
36416.00000,12.56872,6.54686
36480.00000,12.57571,6.54680
36544.00000,12.58283,6.54775
36608.00000,12.59077,6.54929
36672.00000,12.59816,6.55139
36736.00000,12.60575,6.55463
36800.00000,12.61224,6.55372
36864.00000,12.61935,6.55435
36928.00000,12.62683,6.55536
36992.00000,12.63384,6.55587
37056.00000,12.64092,6.55718
37120.00000,12.64877,6.55771
37184.00000,12.65573,6.55862
37248.00000,12.66325,6.55941
37312.00000,12.66939,6.55903
37376.00000,12.67618,6.56034
37440.00000,12.68361,6.56360
37504.00000,12.69227,6.56614
37568.00000,12.69935,6.56661
37632.00000,12.70725,6.56771
37696.00000,12.71397,6.56929
37760.00000,12.72047,6.56991
37824.00000,12.72694,6.57060
37888.00000,12.73342,6.57141
37952.00000,12.74130,6.57239
38016.00000,12.74771,6.57380
38080.00000,12.75544,6.57679
38144.00000,12.76366,6.58065
38208.00000,12.76970,6.58200
38272.00000,12.77600,6.58393
38336.00000,12.78246,6.58447
38400.00000,12.78941,6.58720
38464.00000,12.79550,6.58845
38528.00000,12.80154,6.58904
38592.00000,12.80815,6.59023
38656.00000,12.81499,6.58943
38720.00000,12.82034,6.59113
38784.00000,12.82764,6.59178
38848.00000,12.83391,6.59272
38912.00000,12.84044,6.59349
38976.00000,12.84515,6.59277
39040.00000,12.85168,6.59330
39104.00000,12.85824,6.59486
39168.00000,12.86386,6.59532
39232.00000,12.86924,6.59588
39296.00000,12.87565,6.59537
39360.00000,12.88187,6.59673
39424.00000,12.88867,6.59748
39488.00000,12.89603,6.60084
39552.00000,12.90149,6.60085
39616.00000,12.90746,6.60048
39680.00000,12.91154,6.60121
39744.00000,12.91684,6.60201
39808.00000,12.92336,6.60316
39872.00000,12.93004,6.60640
39936.00000,12.93575,6.60787
40000.00000,12.94157,6.60880
40064.00000,12.94706,6.60966
40128.00000,12.95367,6.61022
40192.00000,12.95819,6.61042
40256.00000,12.96408,6.61235
40320.00000,12.97056,6.61373
40384.00000,12.97571,6.61457
40448.00000,12.98215,6.61727
40512.00000,12.98695,6.61952
40576.00000,12.99237,6.61926
40640.00000,12.99674,6.61968
40704.00000,13.00169,6.62066
40768.00000,13.00717,6.62169
40832.00000,13.01335,6.62363
40896.00000,13.01775,6.62360
40960.00000,13.02279,6.62352
41024.00000,13.03019,6.62717
41088.00000,13.03641,6.62829
41152.00000,13.04173,6.62776
41216.00000,13.04762,6.63009
41280.00000,13.05241,6.63019
41344.00000,13.05751,6.62994
41408.00000,13.06314,6.63021
41472.00000,13.06718,6.63020
41536.00000,13.07326,6.63213
41600.00000,13.07900,6.63354
41664.00000,13.08307,6.63277
41728.00000,13.08964,6.63430
41792.00000,13.09489,6.63598
41856.00000,13.09858,6.63843
41920.00000,13.10222,6.63758
41984.00000,13.10717,6.63757
42048.00000,13.11033,6.63746
42112.00000,13.11627,6.63771
42176.00000,13.12158,6.63922
42240.00000,13.12517,6.63979
42304.00000,13.13025,6.63982
42368.00000,13.13314,6.64039
42432.00000,13.13936,6.64150
42496.00000,13.14453,6.64183
42560.00000,13.14832,6.64175
42624.00000,13.15319,6.64258
42688.00000,13.15793,6.64260
42752.00000,13.16164,6.64358
42816.00000,13.16522,6.64413
42880.00000,13.16955,6.64455
42944.00000,13.17417,6.64498
43008.00000,13.17782,6.64435
43072.00000,13.18188,6.64410
43136.00000,13.18535,6.64318
43200.00000,13.19037,6.64342
43264.00000,13.19523,6.64443
43328.00000,13.19946,6.64581
43392.00000,13.20275,6.64792
43456.00000,13.20587,6.64510
43520.00000,13.21113,6.64646
43584.00000,13.21618,6.64740
43648.00000,13.22169,6.64736
43712.00000,13.22639,6.64788
43776.00000,13.23057,6.64739
43840.00000,13.23517,6.64708
43904.00000,13.23990,6.64714
43968.00000,13.24305,6.64584
44032.00000,13.24733,6.64532
44096.00000,13.25130,6.64465
44160.00000,13.25584,6.64486
44224.00000,13.26100,6.64787
44288.00000,13.26499,6.64964
44352.00000,13.26982,6.65192
44416.00000,13.27345,6.65280
44480.00000,13.27706,6.65231
44544.00000,13.27948,6.65129
44608.00000,13.28180,6.65128
44672.00000,13.28619,6.65345
44736.00000,13.28923,6.65325
44800.00000,13.29369,6.65430
44864.00000,13.29699,6.65524
44928.00000,13.30241,6.65736
44992.00000,13.30728,6.65869
45056.00000,13.31153,6.65795
45120.00000,13.31564,6.65932
45184.00000,13.31984,6.66031
45248.00000,13.32309,6.66042
45312.00000,13.32529,6.66017
45376.00000,13.32932,6.65974
45440.00000,13.33316,6.65982
45504.00000,13.33663,6.65991
45568.00000,13.33978,6.66102
45632.00000,13.34317,6.66045
45696.00000,13.34651,6.66155
45760.00000,13.34973,6.66355
45824.00000,13.35143,6.66264
45888.00000,13.35603,6.66476
45952.00000,13.35973,6.66495
46016.00000,13.36228,6.66696
46080.00000,13.36457,6.66733
46144.00000,13.36685,6.66682
46208.00000,13.37053,6.66699
46272.00000,13.37295,6.66630
46336.00000,13.37721,6.66845
46400.00000,13.38117,6.66861
46464.00000,13.38511,6.66935
46528.00000,13.38777,6.66963
46592.00000,13.38944,6.66842
46656.00000,13.39412,6.66883
46720.00000,13.39771,6.66936
46784.00000,13.40045,6.66981
46848.00000,13.40403,6.66868
46912.00000,13.40786,6.66907
46976.00000,13.41003,6.66923
47040.00000,13.41133,6.66817
47104.00000,13.41308,6.66811
47168.00000,13.41521,6.66779
47232.00000,13.41730,6.66546
47296.00000,13.42007,6.66444
47360.00000,13.42258,6.66604
47424.00000,13.42559,6.66602
47488.00000,13.42863,6.66557
47552.00000,13.43151,6.66637
47616.00000,13.43321,6.66682
47680.00000,13.43673,6.66710
47744.00000,13.43815,6.66670
47808.00000,13.44102,6.66717
47872.00000,13.44453,6.66730
47936.00000,13.44746,6.66732
48000.00000,13.44980,6.66842
48064.00000,13.45115,6.66800
48128.00000,13.45489,6.66932
48192.00000,13.45588,6.66701
48256.00000,13.45835,6.66688
48320.00000,13.46096,6.66687
48384.00000,13.46504,6.66852
48448.00000,13.46616,6.66885
48512.00000,13.46948,6.67069
48576.00000,13.47294,6.67090
48640.00000,13.47464,6.67205
48704.00000,13.47902,6.67474
48768.00000,13.48181,6.67543
48832.00000,13.48370,6.67497
48896.00000,13.48671,6.67748
48960.00000,13.49047,6.67903
49024.00000,13.49310,6.67901
49088.00000,13.49598,6.67850
49152.00000,13.49840,6.67935
49216.00000,13.50136,6.67920
49280.00000,13.50351,6.68081
49344.00000,13.50570,6.67945
49408.00000,13.50681,6.67884
49472.00000,13.50815,6.67879
49536.00000,13.51142,6.68040
49600.00000,13.51335,6.68106
49664.00000,13.51636,6.68312
49728.00000,13.51758,6.68245
49792.00000,13.51871,6.68252
49856.00000,13.52008,6.68156
49920.00000,13.52139,6.67925
49984.00000,13.52361,6.67923
50048.00000,13.52554,6.68005
50112.00000,13.52707,6.68026
50176.00000,13.52875,6.68198
50240.00000,13.53159,6.68377
50304.00000,13.53304,6.68380
50368.00000,13.53511,6.68435
50432.00000,13.53874,6.68490
50496.00000,13.54027,6.68340
50560.00000,13.54147,6.68221
50624.00000,13.54407,6.68140
50688.00000,13.54708,6.68050
50752.00000,13.54968,6.68118
50816.00000,13.55132,6.67980
50880.00000,13.55412,6.68016
50944.00000,13.55485,6.67792
51008.00000,13.55641,6.67770
51072.00000,13.55734,6.67662
51136.00000,13.55881,6.67569
51200.00000,13.56062,6.67532
51264.00000,13.56252,6.67686
51328.00000,13.56327,6.67574
51392.00000,13.56459,6.67438
51456.00000,13.56660,6.67404
51520.00000,13.56891,6.67390
51584.00000,13.57037,6.67374
51648.00000,13.57243,6.67367
51712.00000,13.57463,6.67484
51776.00000,13.57643,6.67365
51840.00000,13.57974,6.67520
51904.00000,13.58084,6.67323
51968.00000,13.58078,6.67254
52032.00000,13.58316,6.67363
52096.00000,13.58246,6.67135
52160.00000,13.58419,6.67174
52224.00000,13.58516,6.67151
52288.00000,13.58656,6.66853
52352.00000,13.58753,6.66857
52416.00000,13.58958,6.66923
52480.00000,13.59055,6.66823
52544.00000,13.59244,6.66816
52608.00000,13.59201,6.66678
52672.00000,13.59381,6.66594
52736.00000,13.59386,6.66428
52800.00000,13.59541,6.66437
52864.00000,13.59736,6.66451
52928.00000,13.59781,6.66576
52992.00000,13.59941,6.66647
53056.00000,13.59933,6.66534
53120.00000,13.60032,6.66616
53184.00000,13.60223,6.66509
53248.00000,13.60279,6.66355
53312.00000,13.60508,6.66373
53376.00000,13.60511,6.66128
53440.00000,13.60587,6.65993
53504.00000,13.60785,6.66254
53568.00000,13.60825,6.66232
53632.00000,13.60898,6.66140
53696.00000,13.60956,6.66288
53760.00000,13.61038,6.66237
53824.00000,13.61199,6.66335
53888.00000,13.61172,6.66221
53952.00000,13.61147,6.66172
54016.00000,13.61195,6.66222
54080.00000,13.61367,6.66310
54144.00000,13.61433,6.66291
54208.00000,13.61519,6.66189
54272.00000,13.61575,6.66173
54336.00000,13.61729,6.66155
54400.00000,13.61802,6.66018
54464.00000,13.61791,6.66009
54528.00000,13.61961,6.66109
54592.00000,13.62041,6.65895
54656.00000,13.62165,6.66011
54720.00000,13.62236,6.65963
54784.00000,13.62257,6.66081
54848.00000,13.62326,6.66112
54912.00000,13.62477,6.66068
54976.00000,13.62356,6.65899
55040.00000,13.62386,6.65588
55104.00000,13.62327,6.65418
55168.00000,13.62389,6.65370
55232.00000,13.62442,6.65272
55296.00000,13.62469,6.65318
55360.00000,13.62710,6.65326
55424.00000,13.62839,6.65183
55488.00000,13.62874,6.65196
55552.00000,13.63056,6.65204
55616.00000,13.63042,6.64873
55680.00000,13.62888,6.64646
55744.00000,13.62956,6.64717
55808.00000,13.62865,6.64806
55872.00000,13.62698,6.64563
55936.00000,13.62802,6.64587
56000.00000,13.62790,6.64440
56064.00000,13.62757,6.64421
56128.00000,13.62900,6.64536
56192.00000,13.62967,6.64449
56256.00000,13.62909,6.64299
56320.00000,13.62926,6.64294
56384.00000,13.62936,6.64136
56448.00000,13.62979,6.64094
56512.00000,13.62927,6.63977
56576.00000,13.62958,6.64035
56640.00000,13.63058,6.64026
56704.00000,13.63227,6.64039
56768.00000,13.63133,6.63968
56832.00000,13.63163,6.64128
56896.00000,13.63074,6.63966
56960.00000,13.63225,6.64020
57024.00000,13.63206,6.64023
57088.00000,13.63247,6.63955
57152.00000,13.63296,6.64055
57216.00000,13.63125,6.63806
57280.00000,13.63227,6.63810
57344.00000,13.63296,6.63554
57408.00000,13.63206,6.63452
57472.00000,13.63254,6.63472
57536.00000,13.63264,6.63500
57600.00000,13.63232,6.63344
57664.00000,13.63254,6.63489
57728.00000,13.63296,6.63538
57792.00000,13.63437,6.63586
57856.00000,13.63397,6.63639
57920.00000,13.63393,6.63724
57984.00000,13.63454,6.63845
58048.00000,13.63484,6.63809
58112.00000,13.63490,6.63872
58176.00000,13.63545,6.63953
58240.00000,13.63614,6.63943
58304.00000,13.63683,6.63916
58368.00000,13.63607,6.63800
58432.00000,13.63592,6.63694
58496.00000,13.63554,6.63717
58560.00000,13.63668,6.63860
58624.00000,13.63808,6.63867
58688.00000,13.63798,6.63891
58752.00000,13.63873,6.63857
58816.00000,13.63960,6.63936
58880.00000,13.64002,6.63879
58944.00000,13.63882,6.63722
59008.00000,13.63873,6.63662
59072.00000,13.63820,6.63518
59136.00000,13.63780,6.63523
59200.00000,13.63678,6.63435
59264.00000,13.63749,6.63469
59328.00000,13.63725,6.63518
59392.00000,13.63772,6.63479
59456.00000,13.63756,6.63505
59520.00000,13.63673,6.63465
59584.00000,13.63594,6.63502
59648.00000,13.63722,6.63462
59712.00000,13.63734,6.63454
59776.00000,13.63590,6.63254
59840.00000,13.63620,6.63301
59904.00000,13.63573,6.63461
59968.00000,13.63430,6.63414
60032.00000,13.63471,6.63266
60096.00000,13.63394,6.63396
60160.00000,13.63411,6.63310
60224.00000,13.63393,6.63450
60288.00000,13.63293,6.63400
60352.00000,13.63124,6.63160
60416.00000,13.63110,6.63279
60480.00000,13.63066,6.63275
60544.00000,13.63056,6.63327
60608.00000,13.63098,6.63629
60672.00000,13.63019,6.63466
60736.00000,13.62948,6.63363
60800.00000,13.62964,6.63232
60864.00000,13.62928,6.63100
60928.00000,13.63039,6.63152
60992.00000,13.62972,6.63023
61056.00000,13.62888,6.62815
61120.00000,13.62703,6.62630
61184.00000,13.62594,6.62666
61248.00000,13.62433,6.62641
61312.00000,13.62353,6.62780
61376.00000,13.62348,6.63024
61440.00000,13.62459,6.63198
61504.00000,13.62339,6.63167
61568.00000,13.62304,6.63128
61632.00000,13.62345,6.63119
61696.00000,13.62129,6.63011
61760.00000,13.62134,6.63115
61824.00000,13.61886,6.62818
61888.00000,13.61945,6.63146
61952.00000,13.61714,6.62834
62016.00000,13.61677,6.62784
62080.00000,13.61478,6.62620
62144.00000,13.61511,6.62510
62208.00000,13.61408,6.62353
62272.00000,13.61317,6.62276
62336.00000,13.61213,6.62227
62400.00000,13.61103,6.62176
62464.00000,13.61068,6.62112
62528.00000,13.60815,6.62027
62592.00000,13.60698,6.62067
62656.00000,13.60656,6.61870
62720.00000,13.60606,6.61858
62784.00000,13.60450,6.61807
62848.00000,13.60285,6.61659
62912.00000,13.60064,6.61449
62976.00000,13.60026,6.61482
63040.00000,13.60094,6.61546
63104.00000,13.60053,6.61433
63168.00000,13.60076,6.61409
63232.00000,13.59911,6.61193
63296.00000,13.59642,6.60918
63360.00000,13.59697,6.61132
63424.00000,13.59720,6.61322
63488.00000,13.59544,6.61218
63552.00000,13.59519,6.61149
63616.00000,13.59538,6.61029
63680.00000,13.59531,6.60771
63744.00000,13.59294,6.60574
63808.00000,13.59238,6.60587
63872.00000,13.58961,6.60301
63936.00000,13.58757,6.60000
64000.00000,13.58682,6.60018
64064.00000,13.58507,6.60001
64128.00000,13.58614,6.60159
64192.00000,13.58567,6.60267
64256.00000,13.58438,6.60402
64320.00000,13.58319,6.60157
64384.00000,13.58093,6.60028
64448.00000,13.57903,6.60017
64512.00000,13.57954,6.59916
64576.00000,13.57906,6.59849
64640.00000,13.57803,6.59963
64704.00000,13.57644,6.59900
64768.00000,13.57480,6.59774
64832.00000,13.57293,6.59712
64896.00000,13.57191,6.59686
64960.00000,13.57060,6.59489
65024.00000,13.56946,6.59434
65088.00000,13.56842,6.59320
65152.00000,13.56613,6.59014
65216.00000,13.56552,6.59007
65280.00000,13.56410,6.58884
65344.00000,13.56410,6.58919
65408.00000,13.56234,6.58834
65472.00000,13.56099,6.58617
65536.00000,13.56093,6.58696
65600.00000,13.56071,6.58685
65664.00000,13.55964,6.58837
65728.00000,13.55636,6.58637
65792.00000,13.55401,6.58464
65856.00000,13.55371,6.58521
65920.00000,13.55028,6.58247
65984.00000,13.54970,6.58448
66048.00000,13.54941,6.58507
66112.00000,13.54959,6.58651
66176.00000,13.54927,6.58510
66240.00000,13.54861,6.58616
66304.00000,13.54712,6.58693
66368.00000,13.54389,6.58587
66432.00000,13.54203,6.58614
66496.00000,13.54092,6.58571
66560.00000,13.53926,6.58281
66624.00000,13.53751,6.58147
66688.00000,13.53495,6.57993
66752.00000,13.53370,6.57847
66816.00000,13.53180,6.57737
66880.00000,13.53106,6.57712
66944.00000,13.52800,6.57544
67008.00000,13.52656,6.57426
67072.00000,13.52332,6.57431
67136.00000,13.52079,6.57507
67200.00000,13.52007,6.57444
67264.00000,13.51785,6.57285
67328.00000,13.51470,6.57300
67392.00000,13.51318,6.57117
67456.00000,13.51193,6.57051
67520.00000,13.50972,6.57020
67584.00000,13.50913,6.56802
67648.00000,13.50817,6.56632
67712.00000,13.50599,6.56477
67776.00000,13.50424,6.56435
67840.00000,13.50417,6.56563
67904.00000,13.50271,6.56616
67968.00000,13.50232,6.56497
68032.00000,13.50272,6.56603
68096.00000,13.49960,6.56217
68160.00000,13.49887,6.56283
68224.00000,13.49608,6.56044
68288.00000,13.49407,6.56212
68352.00000,13.49295,6.56266
68416.00000,13.49206,6.56309
68480.00000,13.49060,6.56363
68544.00000,13.48805,6.56116
68608.00000,13.48669,6.56092
68672.00000,13.48561,6.56058
68736.00000,13.48455,6.56106
68800.00000,13.48497,6.56191
68864.00000,13.48325,6.55995
68928.00000,13.48261,6.56030
68992.00000,13.48097,6.55855
69056.00000,13.48000,6.55924
69120.00000,13.47741,6.55839
69184.00000,13.47550,6.55867
69248.00000,13.47417,6.55857
69312.00000,13.47058,6.55784
69376.00000,13.46896,6.55598
69440.00000,13.46673,6.55492
69504.00000,13.46551,6.55289
69568.00000,13.46420,6.55382
69632.00000,13.46223,6.55386
69696.00000,13.46048,6.55139
69760.00000,13.45786,6.54848
69824.00000,13.45592,6.54677
69888.00000,13.45327,6.54555
69952.00000,13.45084,6.54457
70016.00000,13.44808,6.54267
70080.00000,13.44528,6.54131
70144.00000,13.44414,6.53982
70208.00000,13.44183,6.53699
70272.00000,13.43950,6.53446
70336.00000,13.43814,6.53364
70400.00000,13.43551,6.53219
70464.00000,13.43226,6.53242
70528.00000,13.43029,6.53085
70592.00000,13.42911,6.53016
70656.00000,13.42766,6.52933
70720.00000,13.42701,6.52943
70784.00000,13.42380,6.52880
70848.00000,13.42034,6.52734
70912.00000,13.41901,6.52917
70976.00000,13.41918,6.53044
71040.00000,13.41835,6.53014
71104.00000,13.41595,6.53143
71168.00000,13.41468,6.53003
71232.00000,13.41175,6.52851
71296.00000,13.40946,6.52815
71360.00000,13.40749,6.52727
71424.00000,13.40581,6.52618
71488.00000,13.40218,6.52499
71552.00000,13.40056,6.52129
71616.00000,13.39799,6.52032
71680.00000,13.39485,6.51810
71744.00000,13.39269,6.51863
71808.00000,13.39100,6.51859
71872.00000,13.38891,6.51972
71936.00000,13.38727,6.51806
72000.00000,13.38710,6.51852
72064.00000,13.38638,6.51681
72128.00000,13.38448,6.51554
72192.00000,13.38385,6.51857
72256.00000,13.38087,6.51772
72320.00000,13.37793,6.51685
72384.00000,13.37660,6.51693
72448.00000,13.37458,6.51519
72512.00000,13.37192,6.51456
72576.00000,13.37048,6.51301
72640.00000,13.36795,6.51136
72704.00000,13.36599,6.50932
72768.00000,13.36503,6.50844
72832.00000,13.36374,6.50784
72896.00000,13.36039,6.50700
72960.00000,13.35919,6.50797
73024.00000,13.35603,6.50572
73088.00000,13.35430,6.50605
73152.00000,13.35057,6.50472
73216.00000,13.34889,6.50338
73280.00000,13.34606,6.50218
73344.00000,13.34403,6.49997
73408.00000,13.34221,6.50082
73472.00000,13.34093,6.50173
73536.00000,13.34071,6.50347
73600.00000,13.33680,6.50158
73664.00000,13.33693,6.50291
73728.00000,13.33692,6.50268
73792.00000,13.33390,6.50293
73856.00000,13.33115,6.49939
73920.00000,13.32855,6.49958
73984.00000,13.32710,6.50013
74048.00000,13.32602,6.49953
74112.00000,13.32278,6.49582
74176.00000,13.32056,6.49469
74240.00000,13.31954,6.49481
74304.00000,13.31650,6.49342
74368.00000,13.31399,6.49460
74432.00000,13.31287,6.49431
74496.00000,13.31097,6.49140
74560.00000,13.30939,6.49084
74624.00000,13.30799,6.49035
74688.00000,13.30521,6.48948
74752.00000,13.30234,6.48824
74816.00000,13.30194,6.48809
74880.00000,13.29991,6.48697
74944.00000,13.29821,6.48709
75008.00000,13.29669,6.48539
75072.00000,13.29475,6.48294
75136.00000,13.29195,6.48230
75200.00000,13.28883,6.48176
75264.00000,13.28561,6.47920
75328.00000,13.28469,6.47818
75392.00000,13.28310,6.47703
75456.00000,13.28095,6.47599
75520.00000,13.27982,6.47539
75584.00000,13.27847,6.47537
75648.00000,13.27479,6.47428
75712.00000,13.27055,6.47154
75776.00000,13.26889,6.47321
75840.00000,13.26484,6.47029
75904.00000,13.26326,6.46916
75968.00000,13.26157,6.46897
76032.00000,13.25972,6.46919
76096.00000,13.25679,6.46925
76160.00000,13.25254,6.46779
76224.00000,13.25034,6.46792
76288.00000,13.24749,6.46683
76352.00000,13.24319,6.46486
76416.00000,13.24031,6.46297
76480.00000,13.23821,6.46264
76544.00000,13.23527,6.45956
76608.00000,13.23229,6.45835
76672.00000,13.22814,6.45742
76736.00000,13.22612,6.45590
76800.00000,13.22243,6.45461
76864.00000,13.21951,6.45337
76928.00000,13.21620,6.45104
76992.00000,13.21406,6.44828
77056.00000,13.21221,6.44937
77120.00000,13.20942,6.44980
77184.00000,13.20704,6.44629
77248.00000,13.20401,6.44353
77312.00000,13.19945,6.44063
77376.00000,13.19706,6.44111
77440.00000,13.19345,6.44094
77504.00000,13.18944,6.43783
77568.00000,13.18811,6.43647
77632.00000,13.18670,6.43451
77696.00000,13.18338,6.43301
77760.00000,13.18022,6.42997
77824.00000,13.17816,6.42919
77888.00000,13.17521,6.42896
77952.00000,13.17391,6.42827
78016.00000,13.17143,6.42873
78080.00000,13.16771,6.42710
78144.00000,13.16443,6.42450
78208.00000,13.16184,6.42156
78272.00000,13.15770,6.41961
78336.00000,13.15604,6.41874
78400.00000,13.15381,6.41926
78464.00000,13.15296,6.42011
78528.00000,13.14936,6.42040
78592.00000,13.14641,6.41897
78656.00000,13.14256,6.41656
78720.00000,13.13759,6.41517
78784.00000,13.13435,6.41199
78848.00000,13.13167,6.41115
78912.00000,13.13015,6.41169
78976.00000,13.12810,6.41088
79040.00000,13.12185,6.40626
79104.00000,13.11908,6.40498
79168.00000,13.11907,6.40516
79232.00000,13.11671,6.40281
79296.00000,13.11431,6.40157
79360.00000,13.11168,6.39976
79424.00000,13.10989,6.39978
79488.00000,13.10604,6.39980
79552.00000,13.10384,6.39821
79616.00000,13.09960,6.39575
79680.00000,13.09681,6.39359
79744.00000,13.09563,6.39569
79808.00000,13.09276,6.39483
79872.00000,13.09022,6.39376
79936.00000,13.08608,6.39078
80000.00000,13.08322,6.39065
80064.00000,13.08064,6.38925
80128.00000,13.07518,6.38565
80192.00000,13.07131,6.38541
80256.00000,13.06822,6.38536
80320.00000,13.06489,6.38531
80384.00000,13.06021,6.38252
80448.00000,13.05676,6.38301
80512.00000,13.05256,6.37992
80576.00000,13.04960,6.37948
80640.00000,13.04343,6.37632
80704.00000,13.03994,6.37398
80768.00000,13.03590,6.37117
80832.00000,13.03238,6.36959
80896.00000,13.03000,6.36747
80960.00000,13.02514,6.36513
81024.00000,13.02256,6.36260
81088.00000,13.01774,6.35962
81152.00000,13.01469,6.35856
81216.00000,13.01120,6.35750
81280.00000,13.00764,6.35753
81344.00000,13.00527,6.35815
81408.00000,13.00296,6.35813
81472.00000,12.99984,6.35731
81536.00000,12.99800,6.35534
81600.00000,12.99247,6.35359
81664.00000,12.98867,6.35236
81728.00000,12.98710,6.35545
81792.00000,12.98347,6.35330
81856.00000,12.97841,6.35280
81920.00000,12.97353,6.35120
81984.00000,12.97247,6.35127
82048.00000,12.96901,6.34821
82112.00000,12.96699,6.34964
82176.00000,12.96452,6.34995
82240.00000,12.96091,6.34701
82304.00000,12.95735,6.34585
82368.00000,12.95489,6.34455
82432.00000,12.95117,6.34390
82496.00000,12.94618,6.34094
82560.00000,12.94323,6.34049
82624.00000,12.94234,6.34175
82688.00000,12.93926,6.33863
82752.00000,12.93385,6.33556
82816.00000,12.92878,6.33205
82880.00000,12.92538,6.32710
82944.00000,12.92178,6.32624
83008.00000,12.91928,6.32451
83072.00000,12.91713,6.32713
83136.00000,12.91473,6.32506
83200.00000,12.91394,6.32275
83264.00000,12.91012,6.32144
83328.00000,12.90641,6.31974
83392.00000,12.90456,6.32013
83456.00000,12.90369,6.31828
83520.00000,12.90092,6.31752
83584.00000,12.89745,6.31606
83648.00000,12.89391,6.31417
83712.00000,12.89163,6.31295
83776.00000,12.88891,6.31045
83840.00000,12.88288,6.30908
83904.00000,12.87742,6.30455
83968.00000,12.87358,6.30244
84032.00000,12.87118,6.30278
84096.00000,12.86881,6.30174
84160.00000,12.86390,6.29901
84224.00000,12.86085,6.29647
84288.00000,12.86142,6.29850
84352.00000,12.85492,6.29583
84416.00000,12.85203,6.29200
84480.00000,12.84717,6.28862
84544.00000,12.84252,6.28542
84608.00000,12.83911,6.28322
84672.00000,12.83526,6.28275
84736.00000,12.83359,6.28177
84800.00000,12.83064,6.28081
84864.00000,12.82580,6.28015
84928.00000,12.82158,6.27704
84992.00000,12.81726,6.27569
85056.00000,12.81523,6.27559
85120.00000,12.80972,6.27141
85184.00000,12.80722,6.26969
85248.00000,12.80402,6.26839
85312.00000,12.80121,6.26961
85376.00000,12.79624,6.26733
85440.00000,12.79426,6.26728
85504.00000,12.78944,6.26294
85568.00000,12.78633,6.26222
85632.00000,12.78391,6.26018
85696.00000,12.78040,6.25995
85760.00000,12.77956,6.26105
85824.00000,12.77740,6.25847
85888.00000,12.77259,6.25844
85952.00000,12.76737,6.25372
86016.00000,12.76398,6.25266
86080.00000,12.76230,6.25093
86144.00000,12.76035,6.24885
86208.00000,12.75626,6.24696
86272.00000,12.75155,6.24484
86336.00000,12.74992,6.24274
86400.00000,12.74560,6.24429
86464.00000,12.74173,6.24296
86528.00000,12.73751,6.24168
86592.00000,12.73609,6.24387
86656.00000,12.73052,6.24101
86720.00000,12.72672,6.23976
86784.00000,12.72282,6.23762
86848.00000,12.71943,6.23582
86912.00000,12.71696,6.23506
86976.00000,12.71135,6.23146
87040.00000,12.70728,6.22806
87104.00000,12.70157,6.22695
87168.00000,12.69746,6.22611
87232.00000,12.69303,6.22407
87296.00000,12.69008,6.22435
87360.00000,12.68659,6.22404
87424.00000,12.68296,6.22416
87488.00000,12.67840,6.22246
87552.00000,12.67603,6.22082
87616.00000,12.67279,6.21949
87680.00000,12.66801,6.21754
87744.00000,12.66413,6.21328
87808.00000,12.66067,6.21002
87872.00000,12.65778,6.21031
87936.00000,12.65568,6.20908
88000.00000,12.65243,6.20687
88064.00000,12.64896,6.20488
88128.00000,12.64530,6.20466
88192.00000,12.64201,6.20619
88256.00000,12.63970,6.20415
88320.00000,12.63679,6.20279
88384.00000,12.63446,6.20339
88448.00000,12.62974,6.20075
88512.00000,12.62706,6.19724
88576.00000,12.62189,6.19765
88640.00000,12.61786,6.19735
88704.00000,12.61311,6.19426
88768.00000,12.61290,6.19817
88832.00000,12.60780,6.19398
88896.00000,12.60323,6.19011
88960.00000,12.59906,6.19000
89024.00000,12.59611,6.19000
89088.00000,12.59288,6.18973
89152.00000,12.58794,6.18715
89216.00000,12.58586,6.18743
89280.00000,12.58260,6.18972
89344.00000,12.57967,6.18710
89408.00000,12.57673,6.18663
89472.00000,12.57298,6.18404
89536.00000,12.56870,6.18022
89600.00000,12.56512,6.17836
89664.00000,12.56249,6.17697
89728.00000,12.55945,6.17559
89792.00000,12.55513,6.17427
89856.00000,12.55141,6.17137
89920.00000,12.54682,6.16634
89984.00000,12.54280,6.16282
90048.00000,12.53671,6.16119
90112.00000,12.53382,6.16032
90176.00000,12.52904,6.15750
90240.00000,12.52552,6.15694
90304.00000,12.52216,6.15811
90368.00000,12.51601,6.15525
90432.00000,12.51094,6.15436
90496.00000,12.50828,6.15252
90560.00000,12.50464,6.15093
90624.00000,12.49909,6.14748
90688.00000,12.49552,6.14503
90752.00000,12.49327,6.14296
90816.00000,12.49104,6.14224
90880.00000,12.48952,6.14186
90944.00000,12.48472,6.13794
91008.00000,12.48029,6.13520
91072.00000,12.47664,6.13258
91136.00000,12.47167,6.13004
91200.00000,12.46713,6.12914
91264.00000,12.46279,6.12791
91328.00000,12.45853,6.12418
91392.00000,12.45358,6.12178
91456.00000,12.44924,6.11836
91520.00000,12.44558,6.11721
91584.00000,12.44054,6.11527
91648.00000,12.43424,6.11258
91712.00000,12.42826,6.11200
91776.00000,12.42373,6.10935
91840.00000,12.41795,6.10712
91904.00000,12.41121,6.10456
91968.00000,12.40629,6.10136
92032.00000,12.40214,6.10065
92096.00000,12.39630,6.09852
92160.00000,12.39006,6.09471
92224.00000,12.38652,6.09078
92288.00000,12.38228,6.08767
92352.00000,12.37755,6.08479
92416.00000,12.37220,6.08197
92480.00000,12.36946,6.08308
92544.00000,12.36716,6.08495
92608.00000,12.36251,6.08265
92672.00000,12.35725,6.08103
92736.00000,12.35327,6.07898
92800.00000,12.34754,6.07508
92864.00000,12.34303,6.07269
92928.00000,12.33837,6.06992
92992.00000,12.33420,6.06627
93056.00000,12.32947,6.06390
93120.00000,12.32435,6.06092
93184.00000,12.31883,6.05761
93248.00000,12.31423,6.05568
93312.00000,12.31205,6.05505
93376.00000,12.30688,6.05371
93440.00000,12.30018,6.04978
93504.00000,12.29727,6.04672
93568.00000,12.29211,6.04117
93632.00000,12.28628,6.04011
93696.00000,12.28266,6.04048
93760.00000,12.27682,6.03484
93824.00000,12.27100,6.03302
93888.00000,12.26754,6.03065
93952.00000,12.26564,6.02784
94016.00000,12.25806,6.02376
94080.00000,12.25171,6.02104
94144.00000,12.24595,6.01723
94208.00000,12.24299,6.01329
94272.00000,12.23905,6.01323
94336.00000,12.23629,6.01307
94400.00000,12.23403,6.01037
94464.00000,12.22731,6.00831
94528.00000,12.22152,6.00758
94592.00000,12.21802,6.00720
94656.00000,12.21165,6.00561
94720.00000,12.20555,6.00449
94784.00000,12.20316,6.00401
94848.00000,12.19873,6.00395
94912.00000,12.19484,6.00132
94976.00000,12.19051,5.99924
95040.00000,12.18520,5.99590
95104.00000,12.17945,5.99315
95168.00000,12.17476,5.98840
95232.00000,12.16783,5.98542
95296.00000,12.16138,5.98314
95360.00000,12.15408,5.97959
95424.00000,12.15129,5.97748
95488.00000,12.14752,5.97622
95552.00000,12.14394,5.97472
95616.00000,12.13834,5.97402
95680.00000,12.13440,5.97265
95744.00000,12.12805,5.97067
95808.00000,12.12384,5.97015
95872.00000,12.11849,5.96729
95936.00000,12.11415,5.96512
96000.00000,12.10971,5.96346
96064.00000,12.10530,5.96145
96128.00000,12.10139,5.96159
96192.00000,12.09656,5.96151
96256.00000,12.09334,5.95936
96320.00000,12.09002,5.95917
96384.00000,12.08654,5.95927
96448.00000,12.08341,5.95529
96512.00000,12.07778,5.95257
96576.00000,12.07145,5.94927
96640.00000,12.06831,5.94907
96704.00000,12.06249,5.94645
96768.00000,12.05859,5.94602
96832.00000,12.05544,5.94433
96896.00000,12.04972,5.94586
96960.00000,12.04466,5.94417
97024.00000,12.04429,5.94633
97088.00000,12.03956,5.94377
97152.00000,12.03504,5.94160
97216.00000,12.03158,5.94107
97280.00000,12.02705,5.93702
97344.00000,12.02183,5.93358
97408.00000,12.01606,5.93056
97472.00000,12.01125,5.92927
97536.00000,12.00599,5.92721
97600.00000,12.00303,5.92445
97664.00000,11.99689,5.92085
97728.00000,11.99401,5.92055
97792.00000,11.98795,5.91732
97856.00000,11.98311,5.91687
97920.00000,11.97783,5.91346
97984.00000,11.97243,5.91263
98048.00000,11.96829,5.91015
98112.00000,11.96180,5.90932
98176.00000,11.95539,5.90648
98240.00000,11.94984,5.90392
98304.00000,11.94421,5.90327
98368.00000,11.94115,5.90149
98432.00000,11.93706,5.90032
98496.00000,11.93132,5.89772
98560.00000,11.92618,5.89575
98624.00000,11.92179,5.89353
98688.00000,11.91810,5.89340
98752.00000,11.91351,5.89298
98816.00000,11.90833,5.89038
98880.00000,11.90237,5.88873
98944.00000,11.89839,5.88646
99008.00000,11.89502,5.88402
99072.00000,11.88973,5.88310
99136.00000,11.88692,5.88104
99200.00000,11.88130,5.87927
99264.00000,11.87506,5.87644
99328.00000,11.86875,5.87439
99392.00000,11.86319,5.87233
99456.00000,11.85737,5.87136
99520.00000,11.85254,5.87205
99584.00000,11.84508,5.87063
99648.00000,11.83724,5.86573
99712.00000,11.83289,5.86276
99776.00000,11.82852,5.86287
99840.00000,11.82240,5.86002
99904.00000,11.81963,5.86391
99968.00000,11.81523,5.86415
100032.00000,11.81016,5.86305
100096.00000,11.80651,5.86104
100160.00000,11.80339,5.86010
100224.00000,11.79879,5.86149
100288.00000,11.79543,5.86134
100352.00000,11.78972,5.85948
100416.00000,11.78612,5.85924
100480.00000,11.78149,5.85986
100544.00000,11.77554,5.85806
100608.00000,11.77298,5.85710
100672.00000,11.76816,5.85349
100736.00000,11.76485,5.85140
100800.00000,11.75996,5.84950
100864.00000,11.75549,5.84646
100928.00000,11.75144,5.84822
100992.00000,11.74793,5.84917
101056.00000,11.74197,5.84856
101120.00000,11.73895,5.84683
101184.00000,11.73456,5.84467
101248.00000,11.73125,5.84091
101312.00000,11.72307,5.83614
101376.00000,11.71797,5.83479
101440.00000,11.71278,5.83279
101504.00000,11.70701,5.82846
101568.00000,11.70127,5.82642
101632.00000,11.69624,5.82366
101696.00000,11.69051,5.81912
101760.00000,11.68732,5.81682
101824.00000,11.68336,5.81493
101888.00000,11.67820,5.81086
101952.00000,11.67267,5.81115
102016.00000,11.66612,5.81168
102080.00000,11.66115,5.81142
102144.00000,11.65724,5.80898
102208.00000,11.65219,5.80557
102272.00000,11.64844,5.80444
102336.00000,11.64507,5.80327
102400.00000,11.64125,5.80310
102464.00000,11.63757,5.80235
102528.00000,11.63206,5.80178
102592.00000,11.62633,5.80128
102656.00000,11.62141,5.80130
102720.00000,11.61511,5.79988
102784.00000,11.61209,5.79829
102848.00000,11.60710,5.79620
102912.00000,11.60414,5.79434
102976.00000,11.60042,5.79251
103040.00000,11.59556,5.78867
103104.00000,11.59216,5.78890
103168.00000,11.58900,5.78919
103232.00000,11.58270,5.78534
103296.00000,11.57809,5.78611
103360.00000,11.57133,5.78465
103424.00000,11.56413,5.78240
103488.00000,11.55909,5.78065
103552.00000,11.55516,5.78056
103616.00000,11.54992,5.77958
103680.00000,11.54476,5.77833
103744.00000,11.53963,5.77748
103808.00000,11.53447,5.77620
103872.00000,11.53244,5.77684
103936.00000,11.52852,5.77597
104000.00000,11.52328,5.77491
104064.00000,11.51870,5.77147
104128.00000,11.51606,5.77178
104192.00000,11.51067,5.76853
104256.00000,11.50697,5.76602
104320.00000,11.50079,5.76406
104384.00000,11.49466,5.76041
104448.00000,11.48974,5.75726
104512.00000,11.48330,5.75462
104576.00000,11.47928,5.75223
104640.00000,11.47422,5.74737
104704.00000,11.46855,5.74352
104768.00000,11.46270,5.74210
104832.00000,11.45666,5.73732
104896.00000,11.45041,5.73384
104960.00000,11.44845,5.73396
105024.00000,11.44204,5.73245
105088.00000,11.43685,5.72961
105152.00000,11.43071,5.72540
105216.00000,11.42581,5.72629
105280.00000,11.42265,5.72478
105344.00000,11.41942,5.72390
105408.00000,11.41339,5.72033
105472.00000,11.40862,5.71842
105536.00000,11.40618,5.71910
105600.00000,11.40200,5.71866
105664.00000,11.39624,5.71511
105728.00000,11.39058,5.71652
105792.00000,11.38569,5.71570
105856.00000,11.38040,5.71168
105920.00000,11.37390,5.70660
105984.00000,11.36792,5.70418
106048.00000,11.36232,5.70162
106112.00000,11.35601,5.70074
106176.00000,11.35126,5.69791
106240.00000,11.34737,5.69686
106304.00000,11.34132,5.69568
106368.00000,11.33497,5.69443
106432.00000,11.32938,5.69243
106496.00000,11.32397,5.69053
106560.00000,11.31827,5.68758
106624.00000,11.31042,5.68374
106688.00000,11.30435,5.68570
106752.00000,11.29854,5.68458
106816.00000,11.29277,5.68317
106880.00000,11.28974,5.68117
106944.00000,11.28238,5.67679
107008.00000,11.27616,5.67673
107072.00000,11.27416,5.67299
107136.00000,11.26664,5.67060
107200.00000,11.26248,5.66949
107264.00000,11.25726,5.66575
107328.00000,11.25211,5.66288
107392.00000,11.24568,5.66072
107456.00000,11.24232,5.65869
107520.00000,11.23765,5.65728
107584.00000,11.23388,5.65600
107648.00000,11.22933,5.65691
107712.00000,11.22431,5.65443
107776.00000,11.21959,5.65359
107840.00000,11.21407,5.65296
107904.00000,11.20842,5.64947
107968.00000,11.20221,5.64686
108032.00000,11.19734,5.64571
108096.00000,11.19098,5.64367
108160.00000,11.18495,5.63970
108224.00000,11.17949,5.64268
108288.00000,11.17340,5.64156
108352.00000,11.16820,5.64096
108416.00000,11.16401,5.64090
108480.00000,11.15793,5.63750
108544.00000,11.15388,5.63671
108608.00000,11.14997,5.63389
108672.00000,11.14478,5.63000
108736.00000,11.13927,5.62775
108800.00000,11.13674,5.62716
108864.00000,11.12853,5.62527
108928.00000,11.12454,5.62344
108992.00000,11.11896,5.62216
109056.00000,11.11345,5.62316
109120.00000,11.10727,5.62204
109184.00000,11.10062,5.61972
109248.00000,11.09217,5.61929
109312.00000,11.08599,5.61703
109376.00000,11.08163,5.61679
109440.00000,11.07409,5.61441
109504.00000,11.07004,5.61131
109568.00000,11.06432,5.61207
109632.00000,11.05854,5.61138
109696.00000,11.05202,5.61007
109760.00000,11.04786,5.60689
109824.00000,11.04399,5.60656
109888.00000,11.03917,5.61215
109952.00000,11.03237,5.61117
110016.00000,11.02522,5.60992
110080.00000,11.01909,5.60773
110144.00000,11.01259,5.60561
110208.00000,11.00477,5.60009
110272.00000,10.99965,5.59814
110336.00000,10.99548,5.59532
110400.00000,10.99188,5.59182
110464.00000,10.98716,5.58755
110528.00000,10.98128,5.58750
110592.00000,10.97688,5.58576
110656.00000,10.97350,5.58494
110720.00000,10.97019,5.58528
110784.00000,10.96323,5.58324
110848.00000,10.95826,5.58171
110912.00000,10.95457,5.57892
110976.00000,10.94765,5.57665
111040.00000,10.94005,5.57437
111104.00000,10.93337,5.57207
111168.00000,10.93037,5.57194
111232.00000,10.92550,5.57135
111296.00000,10.92086,5.57215
111360.00000,10.91478,5.56821
111424.00000,10.90645,5.56779
111488.00000,10.89936,5.56235
111552.00000,10.89548,5.55993
111616.00000,10.89223,5.55582
111680.00000,10.88363,5.55229
111744.00000,10.87718,5.55086
111808.00000,10.86988,5.54999
111872.00000,10.86346,5.54562
111936.00000,10.85700,5.54293
112000.00000,10.85437,5.54241
112064.00000,10.84896,5.53799
112128.00000,10.84257,5.53678
112192.00000,10.83614,5.53625
112256.00000,10.82953,5.53102
112320.00000,10.82578,5.52795
112384.00000,10.81938,5.52553
112448.00000,10.81406,5.52274
112512.00000,10.80762,5.52069
112576.00000,10.80269,5.52059
112640.00000,10.79709,5.51712
112704.00000,10.79059,5.51706
112768.00000,10.78435,5.51583
112832.00000,10.78049,5.51294
112896.00000,10.77427,5.50837
112960.00000,10.76887,5.50537
113024.00000,10.76404,5.50404
113088.00000,10.75977,5.50113
113152.00000,10.75415,5.49875
113216.00000,10.74915,5.49900
113280.00000,10.74455,5.49770
113344.00000,10.73850,5.49427
113408.00000,10.73264,5.49569
113472.00000,10.72851,5.49254
113536.00000,10.72183,5.49079
113600.00000,10.71613,5.48764
113664.00000,10.71465,5.48855
113728.00000,10.71051,5.48605
113792.00000,10.70566,5.48728
113856.00000,10.69816,5.48684
113920.00000,10.69172,5.48493
113984.00000,10.68435,5.48382
114048.00000,10.67939,5.48141
114112.00000,10.67401,5.47956
114176.00000,10.66873,5.47919
114240.00000,10.66476,5.47787
114304.00000,10.66314,5.47849
114368.00000,10.65762,5.47983
114432.00000,10.65263,5.47447
114496.00000,10.64562,5.47229
114560.00000,10.63826,5.46934
114624.00000,10.63348,5.46728
114688.00000,10.62758,5.46553
114752.00000,10.62206,5.46323
114816.00000,10.61583,5.46196
114880.00000,10.61253,5.46237
114944.00000,10.60809,5.46243
115008.00000,10.60225,5.46380
115072.00000,10.59828,5.46153
115136.00000,10.59124,5.46046
115200.00000,10.58303,5.45824
115264.00000,10.57876,5.45878
115328.00000,10.57457,5.45994
115392.00000,10.56956,5.45939
115456.00000,10.56433,5.45706
115520.00000,10.55916,5.45679
115584.00000,10.55092,5.45191
115648.00000,10.54492,5.44828
115712.00000,10.54133,5.44696
115776.00000,10.53349,5.44749
115840.00000,10.52792,5.44648
115904.00000,10.51958,5.44385
115968.00000,10.51258,5.43942
116032.00000,10.50704,5.44112
116096.00000,10.50177,5.44117
116160.00000,10.49229,5.43732
116224.00000,10.48864,5.43603
116288.00000,10.48460,5.43277
116352.00000,10.48114,5.43236
116416.00000,10.47601,5.43039
116480.00000,10.47127,5.42557
116544.00000,10.46405,5.42186
116608.00000,10.45835,5.41614
116672.00000,10.45257,5.41477
116736.00000,10.44713,5.41217
116800.00000,10.44137,5.41283
116864.00000,10.43493,5.40863
116928.00000,10.43258,5.40878
116992.00000,10.42495,5.40309
117056.00000,10.42120,5.40192
117120.00000,10.41220,5.40312
117184.00000,10.40601,5.40266
117248.00000,10.39923,5.40352
117312.00000,10.39426,5.40196
117376.00000,10.38848,5.39817
117440.00000,10.38019,5.39442
117504.00000,10.37209,5.39092
117568.00000,10.36610,5.38774
117632.00000,10.36103,5.38454
117696.00000,10.35256,5.38124
117760.00000,10.34710,5.38115
117824.00000,10.34036,5.38129
117888.00000,10.33307,5.37820
117952.00000,10.32590,5.37537
118016.00000,10.32051,5.37445
118080.00000,10.31273,5.36836
118144.00000,10.30624,5.36732
118208.00000,10.29890,5.36577
118272.00000,10.29353,5.36440
118336.00000,10.28860,5.36552
118400.00000,10.28107,5.36329
118464.00000,10.27409,5.36128
118528.00000,10.26971,5.35557
118592.00000,10.26308,5.35126
118656.00000,10.25852,5.35076
118720.00000,10.25182,5.35089
118784.00000,10.24508,5.34728
118848.00000,10.23954,5.34506
118912.00000,10.23146,5.34158
118976.00000,10.22823,5.34031
119040.00000,10.22077,5.34039
119104.00000,10.21440,5.34012
119168.00000,10.20860,5.33756
119232.00000,10.20113,5.33387
119296.00000,10.19419,5.33151
119360.00000,10.18972,5.33191
119424.00000,10.18015,5.32729
119488.00000,10.17309,5.32661
119552.00000,10.16897,5.32540
119616.00000,10.16384,5.32482
119680.00000,10.16040,5.32600
119744.00000,10.15595,5.32523
119808.00000,10.15264,5.32582
119872.00000,10.14514,5.32522
119936.00000,10.13836,5.32511
120000.00000,10.13212,5.32271
120064.00000,10.12449,5.32130
120128.00000,10.12125,5.32117
120192.00000,10.11362,5.32028
120256.00000,10.11018,5.31920
120320.00000,10.10526,5.31686
120384.00000,10.09808,5.31518
120448.00000,10.09172,5.31408
120512.00000,10.08430,5.31331
120576.00000,10.07657,5.31056
120640.00000,10.06899,5.30871
120704.00000,10.06427,5.30619
120768.00000,10.05726,5.30243
120832.00000,10.05154,5.29631
120896.00000,10.04288,5.29228
120960.00000,10.03837,5.29132
121024.00000,10.03031,5.29103
121088.00000,10.02288,5.28796
121152.00000,10.01589,5.28714
121216.00000,10.01014,5.28400
121280.00000,10.00262,5.27972
121344.00000,9.99520,5.27628
121408.00000,9.99037,5.27540
121472.00000,9.98372,5.27225
121536.00000,9.97654,5.27210
121600.00000,9.96891,5.26899
121664.00000,9.96297,5.26634
121728.00000,9.95733,5.26495
121792.00000,9.94860,5.26004
121856.00000,9.94240,5.25607
121920.00000,9.93614,5.25486
121984.00000,9.92965,5.25178
122048.00000,9.92409,5.24944
122112.00000,9.91735,5.24686
122176.00000,9.90975,5.24331
122240.00000,9.90568,5.24187
122304.00000,9.89964,5.23916
122368.00000,9.89482,5.24188
122432.00000,9.88960,5.24278
122496.00000,9.87978,5.23787
122560.00000,9.87292,5.23311
122624.00000,9.86533,5.23287
122688.00000,9.85790,5.23212
122752.00000,9.85388,5.23315
122816.00000,9.84713,5.23031
122880.00000,9.84130,5.23312
122944.00000,9.83521,5.22924
123008.00000,9.82828,5.22726
123072.00000,9.82166,5.22835
123136.00000,9.81503,5.22568
123200.00000,9.81011,5.22177
123264.00000,9.80393,5.21822
123328.00000,9.79635,5.21482
123392.00000,9.78983,5.21052
123456.00000,9.78182,5.21082
123520.00000,9.77602,5.20761
123584.00000,9.76787,5.20752
123648.00000,9.76057,5.20449
123712.00000,9.75266,5.20323
123776.00000,9.74695,5.19985
123840.00000,9.74211,5.20008
123904.00000,9.73511,5.19782
123968.00000,9.72894,5.19994
124032.00000,9.72110,5.19708
124096.00000,9.71450,5.19565
124160.00000,9.70517,5.19542
124224.00000,9.70125,5.19748
124288.00000,9.69310,5.19539
124352.00000,9.68810,5.19387
124416.00000,9.68107,5.19156
124480.00000,9.67345,5.19325
124544.00000,9.66596,5.19190
124608.00000,9.65703,5.18967
124672.00000,9.64918,5.18489
124736.00000,9.64338,5.18378
124800.00000,9.63691,5.18163
124864.00000,9.62833,5.17677
124928.00000,9.62357,5.17610
124992.00000,9.61600,5.17252
125056.00000,9.60843,5.17154
125120.00000,9.60205,5.17023
125184.00000,9.59653,5.17112
125248.00000,9.58840,5.16675
125312.00000,9.58170,5.16194
125376.00000,9.57702,5.16315
125440.00000,9.57129,5.16264
125504.00000,9.56539,5.16099
125568.00000,9.55964,5.15974
125632.00000,9.55537,5.15813
125696.00000,9.54799,5.15577
125760.00000,9.54007,5.15404
125824.00000,9.52901,5.15136
125888.00000,9.52271,5.15036
125952.00000,9.51376,5.14741
126016.00000,9.50964,5.15026
126080.00000,9.50405,5.14507
126144.00000,9.49946,5.13911
126208.00000,9.49206,5.13821
126272.00000,9.48479,5.14051
126336.00000,9.47962,5.13518
126400.00000,9.46640,5.13307
126464.00000,9.45749,5.12783
126528.00000,9.45076,5.12652
126592.00000,9.44054,5.12361
126656.00000,9.43449,5.12122
126720.00000,9.43059,5.11807
126784.00000,9.42333,5.11479
126848.00000,9.41615,5.11084
126912.00000,9.40583,5.10807
126976.00000,9.39886,5.10666
127040.00000,9.39034,5.10432
127104.00000,9.38396,5.10162
127168.00000,9.37476,5.09656
127232.00000,9.36700,5.09495
127296.00000,9.35790,5.09140
127360.00000,9.34952,5.09251
127424.00000,9.34285,5.08880
127488.00000,9.33856,5.09012
127552.00000,9.33272,5.08760
127616.00000,9.32411,5.08776
127680.00000,9.31804,5.08431
127744.00000,9.31185,5.08398
127808.00000,9.30252,5.08182
127872.00000,9.29662,5.08319
127936.00000,9.29360,5.08570
128000.00000,9.28562,5.08355
128064.00000,9.27855,5.07839
128128.00000,9.27447,5.07440
128192.00000,9.26889,5.07050
128256.00000,9.26313,5.06825
128320.00000,9.25628,5.06627
128384.00000,9.24906,5.06752
128448.00000,9.24446,5.07100
128512.00000,9.23857,5.06599
128576.00000,9.23047,5.06720
128640.00000,9.22531,5.06635
128704.00000,9.21955,5.06691
128768.00000,9.21506,5.06810
128832.00000,9.20926,5.06582
128896.00000,9.20290,5.06321
128960.00000,9.19602,5.06099
129024.00000,9.19194,5.06057
129088.00000,9.18405,5.05885
129152.00000,9.17789,5.05963
129216.00000,9.16763,5.05628
129280.00000,9.15961,5.05309
129344.00000,9.15401,5.04787
129408.00000,9.14567,5.04444
129472.00000,9.13665,5.04621
129536.00000,9.12948,5.04591
129600.00000,9.12373,5.04628
129664.00000,9.11905,5.04286
129728.00000,9.11259,5.04234
129792.00000,9.10486,5.04058
129856.00000,9.09768,5.03845
129920.00000,9.09047,5.03689
129984.00000,9.08326,5.03677
130048.00000,9.07504,5.03718
130112.00000,9.06817,5.03337
130176.00000,9.06081,5.03079
130240.00000,9.05316,5.03040
130304.00000,9.04511,5.02684
130368.00000,9.03885,5.02742
130432.00000,9.03250,5.02990
130496.00000,9.02628,5.02897
130560.00000,9.01952,5.02977
130624.00000,9.01416,5.02487
130688.00000,9.00738,5.02303
130752.00000,9.00046,5.02244
130816.00000,8.99501,5.02054
130880.00000,8.98965,5.01874
130944.00000,8.98111,5.01523
131008.00000,8.97470,5.01258
131072.00000,8.96390,5.00981
131136.00000,8.95732,5.00847
131200.00000,8.94764,5.00484
131264.00000,8.93735,5.00084
131328.00000,8.93290,5.00212
131392.00000,8.92738,5.00097
131456.00000,8.91927,4.99789
131520.00000,8.91707,5.00007
131584.00000,8.90997,4.99607
131648.00000,8.90142,4.99154
131712.00000,8.89489,4.99068
131776.00000,8.89035,4.98985
131840.00000,8.88160,4.98941
131904.00000,8.87523,4.99017
131968.00000,8.87227,4.98456
132032.00000,8.86541,4.98282
132096.00000,8.85650,4.98247
132160.00000,8.84903,4.98021
132224.00000,8.84415,4.98155
132288.00000,8.83548,4.97894
132352.00000,8.82880,4.97269
132416.00000,8.81991,4.97147
132480.00000,8.81300,4.97089
132544.00000,8.80771,4.96960
132608.00000,8.80214,4.96684
132672.00000,8.79208,4.96467
132736.00000,8.78409,4.96266
132800.00000,8.77603,4.95963
132864.00000,8.77030,4.96127
132928.00000,8.76162,4.95566
132992.00000,8.75638,4.95238
133056.00000,8.74909,4.95202
133120.00000,8.74204,4.94967
133184.00000,8.73270,4.94519
133248.00000,8.72360,4.93985
133312.00000,8.71921,4.93407
133376.00000,8.71482,4.93204
133440.00000,8.70667,4.93400
133504.00000,8.70076,4.93260
133568.00000,8.69383,4.93116
133632.00000,8.68616,4.93259
133696.00000,8.67943,4.92573
133760.00000,8.67263,4.92173
133824.00000,8.66594,4.92145
133888.00000,8.65855,4.92185
133952.00000,8.65268,4.92239
134016.00000,8.64695,4.91768
134080.00000,8.63913,4.91312
134144.00000,8.63406,4.91018
134208.00000,8.62581,4.90853
134272.00000,8.61856,4.91033
134336.00000,8.61124,4.90288
134400.00000,8.60411,4.90302
134464.00000,8.59682,4.90051
134528.00000,8.59284,4.89479
134592.00000,8.59029,4.89573
134656.00000,8.58259,4.89473
134720.00000,8.57609,4.89463
134784.00000,8.57232,4.89480
134848.00000,8.56849,4.89329
134912.00000,8.55542,4.88806
134976.00000,8.54698,4.88594
135040.00000,8.54069,4.88224
135104.00000,8.53312,4.87715
135168.00000,8.52738,4.87365
135232.00000,8.51987,4.87336
135296.00000,8.51174,4.86716
135360.00000,8.50587,4.86586
135424.00000,8.49862,4.86458
135488.00000,8.49030,4.86794
135552.00000,8.48072,4.86571
135616.00000,8.47396,4.86390
135680.00000,8.46733,4.85982
135744.00000,8.46112,4.85674
135808.00000,8.45624,4.85324
135872.00000,8.44680,4.84907
135936.00000,8.43951,4.84947
136000.00000,8.43208,4.84666
136064.00000,8.42287,4.84355
136128.00000,8.41620,4.84435
136192.00000,8.41069,4.84260
136256.00000,8.40484,4.83932
136320.00000,8.40034,4.83962
136384.00000,8.39418,4.83962
136448.00000,8.38732,4.83821
136512.00000,8.37803,4.83567
136576.00000,8.37067,4.83507
136640.00000,8.36443,4.83623
136704.00000,8.35810,4.83720
136768.00000,8.35054,4.83541
136832.00000,8.34083,4.83446
136896.00000,8.33663,4.83229
136960.00000,8.33020,4.82849
137024.00000,8.32372,4.82505
137088.00000,8.31587,4.81926
137152.00000,8.30704,4.81700
137216.00000,8.30283,4.81233
137280.00000,8.29879,4.81295
137344.00000,8.29377,4.81455
137408.00000,8.28667,4.81569
137472.00000,8.27964,4.81258
137536.00000,8.27433,4.80641
137600.00000,8.27121,4.80850
137664.00000,8.26229,4.80217
137728.00000,8.25329,4.80019
137792.00000,8.24469,4.79832
137856.00000,8.23935,4.78944
137920.00000,8.23081,4.78748
137984.00000,8.22260,4.78588
138048.00000,8.21491,4.78108
138112.00000,8.20701,4.77941
138176.00000,8.19627,4.77696
138240.00000,8.19224,4.77639
138304.00000,8.18523,4.77296
138368.00000,8.17974,4.77402
138432.00000,8.17524,4.77399
138496.00000,8.16550,4.77549
138560.00000,8.15877,4.77561
138624.00000,8.15024,4.77366
138688.00000,8.14231,4.76906
138752.00000,8.13549,4.76830
138816.00000,8.12369,4.76387
138880.00000,8.11427,4.76558
138944.00000,8.10510,4.76378
139008.00000,8.09940,4.76425
139072.00000,8.08961,4.76362
139136.00000,8.08421,4.76462
139200.00000,8.07608,4.76413
139264.00000,8.06920,4.75796
139328.00000,8.06218,4.75431
139392.00000,8.05698,4.75386
139456.00000,8.05293,4.75043
139520.00000,8.04484,4.74731
139584.00000,8.03751,4.74639
139648.00000,8.02695,4.74005
139712.00000,8.02198,4.73909
139776.00000,8.01116,4.73426
139840.00000,8.00273,4.73572
139904.00000,7.99547,4.73496
139968.00000,7.98899,4.73422
140032.00000,7.98181,4.73185
140096.00000,7.97482,4.73172
140160.00000,7.96810,4.72935
140224.00000,7.95941,4.72492
140288.00000,7.95237,4.72430
140352.00000,7.94308,4.72420
140416.00000,7.93652,4.72546
140480.00000,7.92672,4.71920
140544.00000,7.92081,4.71986
140608.00000,7.91647,4.71666
140672.00000,7.90727,4.71445
140736.00000,7.89629,4.71096
140800.00000,7.88949,4.70664
140864.00000,7.88182,4.70263
140928.00000,7.87302,4.70099
140992.00000,7.86480,4.70156
141056.00000,7.85705,4.69723
141120.00000,7.84742,4.69866
141184.00000,7.84135,4.69658
141248.00000,7.83680,4.69696
141312.00000,7.82670,4.69419
141376.00000,7.82037,4.69201
141440.00000,7.81633,4.68966
141504.00000,7.80794,4.68874
141568.00000,7.79807,4.68579
141632.00000,7.79042,4.68521
141696.00000,7.78376,4.68365
141760.00000,7.77303,4.68146
141824.00000,7.76472,4.67947
141888.00000,7.75909,4.67898
141952.00000,7.75411,4.68076
142016.00000,7.74760,4.67681
142080.00000,7.74203,4.67634
142144.00000,7.73540,4.67765
142208.00000,7.72625,4.67201
142272.00000,7.72313,4.67414
142336.00000,7.71473,4.67440
142400.00000,7.70545,4.67100
142464.00000,7.69756,4.66955
142528.00000,7.69027,4.66565
142592.00000,7.68182,4.66473
142656.00000,7.67748,4.66383
142720.00000,7.67189,4.65923
142784.00000,7.66192,4.65923
142848.00000,7.65080,4.65758
142912.00000,7.64081,4.65556
142976.00000,7.63153,4.65211
143040.00000,7.62334,4.65087
143104.00000,7.61682,4.64752
143168.00000,7.60827,4.64670
143232.00000,7.60365,4.64479
143296.00000,7.59465,4.63968
143360.00000,7.58609,4.63995
143424.00000,7.57661,4.63604
143488.00000,7.56996,4.63278
143552.00000,7.56493,4.63181
143616.00000,7.55586,4.63122
143680.00000,7.54694,4.62933
143744.00000,7.53899,4.62605
143808.00000,7.53155,4.62055
143872.00000,7.52081,4.61654
143936.00000,7.51302,4.61474
144000.00000,7.50483,4.61442
144064.00000,7.49633,4.61531
144128.00000,7.48922,4.61218
144192.00000,7.48056,4.61122
144256.00000,7.47237,4.61334
144320.00000,7.46538,4.60969
144384.00000,7.45990,4.61028
144448.00000,7.45025,4.60828
144512.00000,7.44314,4.60574
144576.00000,7.43685,4.60599
144640.00000,7.42860,4.60178
144704.00000,7.42145,4.59862
144768.00000,7.41316,4.59414
144832.00000,7.40565,4.59047
144896.00000,7.39787,4.58851
144960.00000,7.39049,4.58772
145024.00000,7.38179,4.58406
145088.00000,7.37369,4.57872
145152.00000,7.36704,4.57918
145216.00000,7.36118,4.57832
145280.00000,7.35154,4.57180
145344.00000,7.34328,4.56972
145408.00000,7.33608,4.56735
145472.00000,7.32813,4.56317
145536.00000,7.32074,4.56035
145600.00000,7.31264,4.56007
145664.00000,7.30277,4.55671
145728.00000,7.29344,4.55389
145792.00000,7.28365,4.55034
145856.00000,7.27527,4.54713
145920.00000,7.26539,4.54636
145984.00000,7.26314,4.54679
146048.00000,7.25295,4.54234
146112.00000,7.24612,4.54363
146176.00000,7.23781,4.54042
146240.00000,7.23328,4.54054
146304.00000,7.22452,4.53960
146368.00000,7.21605,4.53671
146432.00000,7.20647,4.53193
146496.00000,7.19770,4.52849
146560.00000,7.19008,4.52538
146624.00000,7.18523,4.52304
146688.00000,7.17506,4.52118
146752.00000,7.16799,4.52112
146816.00000,7.16131,4.51881
146880.00000,7.15171,4.51445
146944.00000,7.14411,4.51072
147008.00000,7.13525,4.51008
147072.00000,7.12785,4.51158
147136.00000,7.11785,4.51137
147200.00000,7.10860,4.50886
147264.00000,7.09931,4.50723
147328.00000,7.08758,4.50212
147392.00000,7.07719,4.50171
147456.00000,7.06855,4.49862
147520.00000,7.06307,4.49774
147584.00000,7.05806,4.49364
147648.00000,7.05118,4.49395
147712.00000,7.04329,4.49532
147776.00000,7.03629,4.49388
147840.00000,7.02799,4.49298
147904.00000,7.02138,4.48909
147968.00000,7.01454,4.48620
148032.00000,7.00990,4.48255
148096.00000,7.00249,4.48238
148160.00000,6.99477,4.47776
148224.00000,6.98840,4.47758
148288.00000,6.98125,4.47437
148352.00000,6.97251,4.46807
148416.00000,6.96063,4.46522
148480.00000,6.94884,4.46142
148544.00000,6.93825,4.45847
148608.00000,6.93047,4.45752
148672.00000,6.92160,4.45359
148736.00000,6.91441,4.45272
148800.00000,6.90725,4.44514
148864.00000,6.89721,4.44298
148928.00000,6.88590,4.44066
148992.00000,6.87754,4.43445
149056.00000,6.87351,4.43315
149120.00000,6.86769,4.43004
149184.00000,6.85665,4.42985
149248.00000,6.84964,4.42625
149312.00000,6.84238,4.42295
149376.00000,6.83336,4.41871
149440.00000,6.82370,4.41366
149504.00000,6.81753,4.41287
149568.00000,6.81144,4.41170
149632.00000,6.80098,4.40615
149696.00000,6.79259,4.40605
149760.00000,6.78527,4.40429
149824.00000,6.77703,4.40028
149888.00000,6.76875,4.39756
149952.00000,6.75860,4.39269
150016.00000,6.74780,4.39129
150080.00000,6.73860,4.38722
150144.00000,6.72837,4.38793
150208.00000,6.71997,4.38711
150272.00000,6.71093,4.38681
150336.00000,6.70063,4.38490
150400.00000,6.69145,4.38301
150464.00000,6.68475,4.38211
150528.00000,6.67760,4.38104
150592.00000,6.66402,4.37655
150656.00000,6.65321,4.37356
150720.00000,6.64916,4.37158
150784.00000,6.63867,4.36652
150848.00000,6.62815,4.36204
150912.00000,6.62124,4.36053
150976.00000,6.61623,4.35851
151040.00000,6.60666,4.35363
151104.00000,6.59585,4.34996
151168.00000,6.59163,4.35376
151232.00000,6.58299,4.35240
151296.00000,6.57918,4.35359
151360.00000,6.57173,4.35498
151424.00000,6.56355,4.35216
151488.00000,6.55431,4.35131
151552.00000,6.54844,4.34991
151616.00000,6.54161,4.34520
151680.00000,6.53320,4.33831
151744.00000,6.52825,4.33635
151808.00000,6.51995,4.33337
151872.00000,6.51103,4.32726
151936.00000,6.50267,4.32281
152000.00000,6.49717,4.31991
152064.00000,6.48847,4.32331
152128.00000,6.48050,4.32430
152192.00000,6.47262,4.32086
152256.00000,6.46421,4.31942
152320.00000,6.45471,4.31864
152384.00000,6.44380,4.31331
152448.00000,6.43333,4.31168
152512.00000,6.42334,4.30845
152576.00000,6.41501,4.30568
152640.00000,6.40561,4.29964
152704.00000,6.39480,4.29551
152768.00000,6.39087,4.29430
152832.00000,6.38119,4.28884
152896.00000,6.37133,4.28281
152960.00000,6.36832,4.28680
153024.00000,6.36128,4.28434
153088.00000,6.35205,4.27915
153152.00000,6.34346,4.27614
153216.00000,6.33777,4.27280
153280.00000,6.33009,4.27194
153344.00000,6.32037,4.26737
153408.00000,6.31386,4.26736
153472.00000,6.30435,4.26365
153536.00000,6.29679,4.26275
153600.00000,6.28844,4.25961
153664.00000,6.27644,4.25492
153728.00000,6.26640,4.25192
153792.00000,6.25944,4.24931
153856.00000,6.25025,4.24516
153920.00000,6.24023,4.24010
153984.00000,6.23127,4.23860
154048.00000,6.22357,4.23397
154112.00000,6.21593,4.23360
154176.00000,6.20671,4.22865
154240.00000,6.19587,4.22702
154304.00000,6.19070,4.22975
154368.00000,6.18186,4.22727
154432.00000,6.17671,4.22750
154496.00000,6.16453,4.22428
154560.00000,6.15503,4.22199
154624.00000,6.14511,4.22015
154688.00000,6.13482,4.21462
154752.00000,6.12830,4.21204
154816.00000,6.11813,4.20855
154880.00000,6.10671,4.20695
154944.00000,6.09954,4.20629
155008.00000,6.09639,4.20531
155072.00000,6.09053,4.20286
155136.00000,6.08522,4.20432
155200.00000,6.07501,4.20108
155264.00000,6.06595,4.19938
155328.00000,6.05608,4.19912
155392.00000,6.04947,4.19624
155456.00000,6.03998,4.19287
155520.00000,6.03319,4.19021
155584.00000,6.02304,4.18423
155648.00000,6.01093,4.17855
155712.00000,6.00196,4.17537
155776.00000,5.99323,4.17181
155840.00000,5.98438,4.16771
155904.00000,5.97424,4.16105
155968.00000,5.96453,4.15797
156032.00000,5.95882,4.15835
156096.00000,5.95174,4.15368
156160.00000,5.94525,4.15269
156224.00000,5.93852,4.15050
156288.00000,5.93007,4.14893
156352.00000,5.92128,4.14588
156416.00000,5.90785,4.14057
156480.00000,5.90090,4.14038
156544.00000,5.89538,4.13931
156608.00000,5.88613,4.13752
156672.00000,5.87893,4.13468
156736.00000,5.86781,4.13046
156800.00000,5.86171,4.13256
156864.00000,5.85248,4.13217
156928.00000,5.84512,4.12741
156992.00000,5.83811,4.12555
157056.00000,5.83327,4.12310
157120.00000,5.82705,4.12011
157184.00000,5.81965,4.11785
157248.00000,5.80414,4.11213
157312.00000,5.79403,4.11060
157376.00000,5.78574,4.10787
157440.00000,5.77495,4.10763
157504.00000,5.76957,4.10438
157568.00000,5.76297,4.10412
157632.00000,5.75445,4.10119
157696.00000,5.74826,4.09887
157760.00000,5.74097,4.09391
157824.00000,5.73254,4.09367
157888.00000,5.72438,4.09069
157952.00000,5.71451,4.08540
158016.00000,5.70404,4.08115
158080.00000,5.69251,4.07255
158144.00000,5.68445,4.06688
158208.00000,5.67493,4.06411
158272.00000,5.66531,4.06093
158336.00000,5.65947,4.05706
158400.00000,5.65560,4.05578
158464.00000,5.64383,4.05509
158528.00000,5.63370,4.05434
158592.00000,5.62246,4.05283
158656.00000,5.61426,4.04884
158720.00000,5.60308,4.04266
158784.00000,5.59302,4.03619
158848.00000,5.58429,4.03069
158912.00000,5.57501,4.02625
158976.00000,5.56807,4.02416
159040.00000,5.55885,4.01871
159104.00000,5.55160,4.01730
159168.00000,5.54491,4.01886
159232.00000,5.53338,4.01353
159296.00000,5.52304,4.00946
159360.00000,5.51241,4.00943
159424.00000,5.50889,4.01062
159488.00000,5.50098,4.00478
159552.00000,5.49274,4.00124
159616.00000,5.48334,3.99798
159680.00000,5.47385,3.99339
159744.00000,5.46804,3.99342
159808.00000,5.45785,3.98942
159872.00000,5.44827,3.98595
159936.00000,5.43673,3.98386
160000.00000,5.42498,3.97429
160064.00000,5.41664,3.97607
160128.00000,5.40563,3.97408
160192.00000,5.39629,3.96945
160256.00000,5.38843,3.96296
160320.00000,5.38066,3.95991
160384.00000,5.37321,3.95911
160448.00000,5.36320,3.95319
160512.00000,5.35538,3.95506
160576.00000,5.34558,3.95135
160640.00000,5.33374,3.94572
160704.00000,5.32456,3.93942
160768.00000,5.31340,3.93570
160832.00000,5.30441,3.92762
160896.00000,5.29242,3.92598
160960.00000,5.28535,3.92342
161024.00000,5.27583,3.91929
161088.00000,5.27202,3.91824
161152.00000,5.26605,3.91895
161216.00000,5.25455,3.91635
161280.00000,5.24419,3.91070
161344.00000,5.23781,3.90671
161408.00000,5.23144,3.90273
161472.00000,5.22347,3.89973
161536.00000,5.21683,3.89795
161600.00000,5.20891,3.89669
161664.00000,5.20082,3.89515
161728.00000,5.19085,3.89399
161792.00000,5.18153,3.89032
161856.00000,5.17152,3.88808
161920.00000,5.16009,3.88388
161984.00000,5.15108,3.87864
162048.00000,5.14660,3.88276
162112.00000,5.13647,3.88005
162176.00000,5.12877,3.87949
162240.00000,5.11759,3.87470
162304.00000,5.10659,3.87499
162368.00000,5.09853,3.87148
162432.00000,5.08707,3.86800
162496.00000,5.07676,3.86196
162560.00000,5.06929,3.85891
162624.00000,5.05912,3.85245
162688.00000,5.05117,3.85088
162752.00000,5.04208,3.84512
162816.00000,5.03246,3.84163
162880.00000,5.02201,3.83692
162944.00000,5.00920,3.83225
163008.00000,4.99857,3.82794
163072.00000,4.98514,3.82101
163136.00000,4.97700,3.81701
163200.00000,4.96832,3.81068
163264.00000,4.95959,3.80858
163328.00000,4.95086,3.80602
163392.00000,4.94028,3.80747
163456.00000,4.93229,3.80426
163520.00000,4.92561,3.80192
163584.00000,4.91606,3.79816
163648.00000,4.90342,3.79237
163712.00000,4.89702,3.79152
163776.00000,4.89303,3.78780
163840.00000,4.88642,3.78967
163904.00000,4.87757,3.78714
163968.00000,4.86728,3.78355
164032.00000,4.85953,3.78039
164096.00000,4.85405,3.77835
164160.00000,4.84477,3.77250
164224.00000,4.83769,3.77108
164288.00000,4.82731,3.76633
164352.00000,4.81627,3.76313
164416.00000,4.80927,3.75938
164480.00000,4.80112,3.75731
164544.00000,4.79485,3.75709
164608.00000,4.78276,3.74968
164672.00000,4.77742,3.74357
164736.00000,4.76930,3.74246
164800.00000,4.76282,3.74323
164864.00000,4.75118,3.73540
164928.00000,4.74366,3.73037
164992.00000,4.73214,3.72249
165056.00000,4.71987,3.71843
165120.00000,4.71355,3.71525
165184.00000,4.70457,3.70794
165248.00000,4.69286,3.70192
165312.00000,4.68370,3.69809
165376.00000,4.67343,3.69262
165440.00000,4.66768,3.69278
165504.00000,4.65742,3.68656
165568.00000,4.64685,3.68270
165632.00000,4.63884,3.68113
165696.00000,4.62814,3.67608
165760.00000,4.62023,3.67244
165824.00000,4.60850,3.66493
165888.00000,4.60072,3.65973
165952.00000,4.59281,3.66246
166016.00000,4.58249,3.65925
166080.00000,4.57121,3.65133
166144.00000,4.56019,3.64711
166208.00000,4.54993,3.64430
166272.00000,4.53813,3.63635
166336.00000,4.52716,3.62991
166400.00000,4.51963,3.62673
166464.00000,4.50841,3.62644
166528.00000,4.50046,3.62519
166592.00000,4.49386,3.62249
166656.00000,4.48493,3.61926
166720.00000,4.47365,3.61389
166784.00000,4.46628,3.61159
166848.00000,4.45821,3.60675
166912.00000,4.45173,3.60363
166976.00000,4.44581,3.60052
167040.00000,4.43271,3.59362
167104.00000,4.42515,3.59069
167168.00000,4.41455,3.58396
167232.00000,4.40836,3.58135
167296.00000,4.39871,3.57682
167360.00000,4.38689,3.57357
167424.00000,4.37916,3.56967
167488.00000,4.37125,3.56717
167552.00000,4.36606,3.56332
167616.00000,4.35185,3.55653
167680.00000,4.34095,3.55445
167744.00000,4.33463,3.55596
167808.00000,4.32480,3.54883
167872.00000,4.31429,3.54486
167936.00000,4.30375,3.54019
168000.00000,4.29562,3.54122
168064.00000,4.28745,3.54288
168128.00000,4.28077,3.53726
168192.00000,4.27345,3.53648
168256.00000,4.26754,3.53561
168320.00000,4.25834,3.53306
168384.00000,4.24903,3.53406
168448.00000,4.23866,3.53039
168512.00000,4.22924,3.52648
168576.00000,4.21825,3.52256
168640.00000,4.20827,3.52107
168704.00000,4.19720,3.51521
168768.00000,4.18988,3.51167
168832.00000,4.18132,3.50504
168896.00000,4.17074,3.49929
168960.00000,4.16381,3.49854
169024.00000,4.15605,3.49768
169088.00000,4.14694,3.49539
169152.00000,4.13742,3.49065
169216.00000,4.12803,3.48282
169280.00000,4.12098,3.47851
169344.00000,4.11014,3.47285
169408.00000,4.10128,3.46842
169472.00000,4.09058,3.46335
169536.00000,4.07891,3.45963
169600.00000,4.06740,3.45322
169664.00000,4.05797,3.45170
169728.00000,4.04870,3.44887
169792.00000,4.03869,3.44304
169856.00000,4.02993,3.43931
169920.00000,4.01836,3.43437
169984.00000,4.00974,3.42922
170048.00000,3.99677,3.42653
170112.00000,3.98734,3.42399
170176.00000,3.97934,3.42402
170240.00000,3.97132,3.41967
170304.00000,3.95856,3.41680
170368.00000,3.94997,3.41369
170432.00000,3.93764,3.40894
170496.00000,3.92970,3.40763
170560.00000,3.92313,3.40242
170624.00000,3.91819,3.40063
170688.00000,3.90705,3.39425
170752.00000,3.89813,3.39120
170816.00000,3.88681,3.38555
170880.00000,3.87226,3.38226
170944.00000,3.86460,3.37781
171008.00000,3.85544,3.37491
171072.00000,3.84705,3.36963
171136.00000,3.83544,3.36353
171200.00000,3.83167,3.36420
171264.00000,3.82247,3.36038
171328.00000,3.81043,3.35456
171392.00000,3.79855,3.34715
171456.00000,3.78773,3.34372
171520.00000,3.77502,3.34091
171584.00000,3.76682,3.33711
171648.00000,3.76243,3.33676
171712.00000,3.75705,3.33440
171776.00000,3.74999,3.33381
171840.00000,3.74035,3.33198
171904.00000,3.73041,3.33158
171968.00000,3.72076,3.32605
172032.00000,3.70998,3.32085
172096.00000,3.69600,3.31508
172160.00000,3.68771,3.31103
172224.00000,3.67489,3.30671
172288.00000,3.66567,3.30293
172352.00000,3.65760,3.29809
172416.00000,3.64412,3.29146
172480.00000,3.63181,3.28378
172544.00000,3.62193,3.27792
172608.00000,3.61262,3.27168
172672.00000,3.60157,3.26609
172736.00000,3.59187,3.26369
172800.00000,3.58567,3.26101
172864.00000,3.57811,3.25725
172928.00000,3.56946,3.25566
172992.00000,3.56298,3.25058
173056.00000,3.55560,3.24667
173120.00000,3.55049,3.24520
173184.00000,3.54177,3.24217
173248.00000,3.52943,3.23830
173312.00000,3.51837,3.23124
173376.00000,3.51151,3.23171
173440.00000,3.50513,3.23125
173504.00000,3.49202,3.22340
173568.00000,3.48463,3.21733
173632.00000,3.47791,3.21268
173696.00000,3.46706,3.21326
173760.00000,3.45474,3.20367
173824.00000,3.44656,3.20405
173888.00000,3.44080,3.20081
173952.00000,3.43377,3.19403
174016.00000,3.42718,3.19162
174080.00000,3.41762,3.18937
174144.00000,3.41325,3.18796
174208.00000,3.40174,3.17956
174272.00000,3.39180,3.17164
174336.00000,3.38523,3.17017
174400.00000,3.37484,3.16789
174464.00000,3.36878,3.16458
174528.00000,3.35909,3.15837
174592.00000,3.35362,3.15788
174656.00000,3.34117,3.15428
174720.00000,3.33328,3.15221
174784.00000,3.32418,3.15158
174848.00000,3.31422,3.14775
174912.00000,3.30258,3.14151
174976.00000,3.29581,3.14034
175040.00000,3.28427,3.13357
175104.00000,3.27391,3.12950
175168.00000,3.26697,3.12623
175232.00000,3.26034,3.12251
175296.00000,3.25222,3.11621
175360.00000,3.24016,3.10914
175424.00000,3.22870,3.10538
175488.00000,3.21887,3.10303
175552.00000,3.20652,3.09666
175616.00000,3.20301,3.09639
175680.00000,3.19127,3.09152
175744.00000,3.18535,3.09027
175808.00000,3.18227,3.08953
175872.00000,3.16943,3.08219
175936.00000,3.15916,3.07853
176000.00000,3.15240,3.07466
176064.00000,3.13917,3.06550
176128.00000,3.12689,3.05864
176192.00000,3.11684,3.05363
176256.00000,3.10982,3.05000
176320.00000,3.09952,3.04321
176384.00000,3.08832,3.03741
176448.00000,3.08008,3.03694
176512.00000,3.07361,3.03100
176576.00000,3.06211,3.02754
176640.00000,3.05220,3.02318
176704.00000,3.04177,3.01814
176768.00000,3.03044,3.01383
176832.00000,3.02286,3.00966
176896.00000,3.01308,3.00311
176960.00000,3.00843,3.00637
177024.00000,2.99594,3.00100
177088.00000,2.98753,3.00024
177152.00000,2.97810,2.99699
177216.00000,2.96890,2.99288
177280.00000,2.95578,2.98667
177344.00000,2.94787,2.98397
177408.00000,2.93748,2.98153
177472.00000,2.92474,2.97317
177536.00000,2.91533,2.97088
177600.00000,2.90982,2.96851
177664.00000,2.89995,2.96560
177728.00000,2.89176,2.96380
177792.00000,2.87586,2.95571
177856.00000,2.86679,2.94947
177920.00000,2.85723,2.94762
177984.00000,2.84323,2.93931
178048.00000,2.83349,2.93695
178112.00000,2.82363,2.93277
178176.00000,2.81532,2.93134
178240.00000,2.80601,2.92477
178304.00000,2.79642,2.91937
178368.00000,2.78795,2.91687
178432.00000,2.77954,2.90985
178496.00000,2.77361,2.90751
178560.00000,2.76313,2.90179
178624.00000,2.75198,2.89693
178688.00000,2.74631,2.89548
178752.00000,2.73544,2.88760
178816.00000,2.72302,2.88267
178880.00000,2.71396,2.87715
178944.00000,2.70734,2.87636
179008.00000,2.69713,2.87313
179072.00000,2.68743,2.86725
179136.00000,2.67659,2.86074
179200.00000,2.66809,2.85714
179264.00000,2.65889,2.85282
179328.00000,2.65296,2.84954
179392.00000,2.64849,2.85354
179456.00000,2.63921,2.84779
179520.00000,2.63018,2.84342
179584.00000,2.62264,2.83944
179648.00000,2.61013,2.83242
179712.00000,2.60098,2.82900
179776.00000,2.58916,2.82140
179840.00000,2.57854,2.81191
179904.00000,2.57021,2.80587
179968.00000,2.56032,2.79971
180032.00000,2.55034,2.78852
180096.00000,2.53797,2.78016
180160.00000,2.52785,2.77694
180224.00000,2.51657,2.76842
180288.00000,2.50455,2.76198
180352.00000,2.49486,2.75615
180416.00000,2.48529,2.75811
180480.00000,2.47653,2.75136
180544.00000,2.46272,2.74095
180608.00000,2.45059,2.73522
180672.00000,2.43602,2.72722
180736.00000,2.42482,2.72147
180800.00000,2.41489,2.71212
180864.00000,2.40736,2.70713
180928.00000,2.39711,2.69937
180992.00000,2.38504,2.69243
181056.00000,2.37853,2.69144
181120.00000,2.36540,2.68216
181184.00000,2.35778,2.68115
181248.00000,2.34628,2.67480
181312.00000,2.33479,2.66801
181376.00000,2.32699,2.66612
181440.00000,2.31757,2.65935
181504.00000,2.30831,2.65450
181568.00000,2.29737,2.64852
181632.00000,2.28681,2.64142
181696.00000,2.27036,2.63267
181760.00000,2.25677,2.62403
181824.00000,2.24609,2.61712
181888.00000,2.23099,2.60767
181952.00000,2.22142,2.59902
182016.00000,2.21347,2.59820
182080.00000,2.20309,2.59343
182144.00000,2.19332,2.59229
182208.00000,2.18677,2.58860
182272.00000,2.17412,2.57727
182336.00000,2.16265,2.56970
182400.00000,2.15281,2.56697
182464.00000,2.14423,2.56392
182528.00000,2.13648,2.55747
182592.00000,2.12654,2.55388
182656.00000,2.11412,2.54370
182720.00000,2.10289,2.53539
182784.00000,2.09403,2.53144
182848.00000,2.08520,2.52192
182912.00000,2.07603,2.51376
182976.00000,2.06789,2.51172
183040.00000,2.05755,2.50716
183104.00000,2.04739,2.50517
183168.00000,2.03777,2.50228
183232.00000,2.02491,2.49795
183296.00000,2.01439,2.49267
183360.00000,2.00836,2.49106
183424.00000,2.00027,2.48651
183488.00000,1.99316,2.48408
183552.00000,1.97928,2.47556
183616.00000,1.96776,2.47006
183680.00000,1.95199,2.45872
183744.00000,1.94392,2.45206
183808.00000,1.93240,2.44405
183872.00000,1.92318,2.44127
183936.00000,1.91203,2.42794
184000.00000,1.90225,2.42312
184064.00000,1.89179,2.42047
184128.00000,1.88289,2.41469
184192.00000,1.87474,2.40894
184256.00000,1.86431,2.40275
184320.00000,1.85294,2.39382
184384.00000,1.84521,2.38808
184448.00000,1.83471,2.38181
184512.00000,1.82527,2.37878
184576.00000,1.81929,2.37627
184640.00000,1.81175,2.37332
184704.00000,1.80472,2.36636
184768.00000,1.79580,2.36120
184832.00000,1.78830,2.35598
184896.00000,1.78018,2.35272
184960.00000,1.76985,2.34923
185024.00000,1.75955,2.33765
185088.00000,1.74959,2.33077
185152.00000,1.73813,2.31751
185216.00000,1.72637,2.30934
185280.00000,1.71449,2.29961
185344.00000,1.70731,2.29768
185408.00000,1.69854,2.29012
185472.00000,1.69081,2.28640
185536.00000,1.68167,2.28001
185600.00000,1.67392,2.27385
185664.00000,1.66448,2.26474
185728.00000,1.65519,2.25802
185792.00000,1.64881,2.25604
185856.00000,1.63505,2.24854
185920.00000,1.62761,2.24009
185984.00000,1.61972,2.23288
186048.00000,1.60753,2.22497
186112.00000,1.59943,2.22019
186176.00000,1.58905,2.21325
186240.00000,1.58111,2.21233
186304.00000,1.57432,2.20719
186368.00000,1.56296,2.19501
186432.00000,1.55701,2.19531
186496.00000,1.54783,2.18476
186560.00000,1.53954,2.17914
186624.00000,1.53367,2.17673
186688.00000,1.52018,2.16691
186752.00000,1.51498,2.15852
186816.00000,1.50622,2.15132
186880.00000,1.49775,2.14139
186944.00000,1.48776,2.13521
187008.00000,1.48155,2.13446
187072.00000,1.47139,2.12690
187136.00000,1.46360,2.12106
187200.00000,1.45492,2.11216
187264.00000,1.44476,2.10865
187328.00000,1.43739,2.10749
187392.00000,1.42746,2.09529
187456.00000,1.41946,2.08998
187520.00000,1.40995,2.08465
187584.00000,1.40096,2.07653
187648.00000,1.38759,2.06198
187712.00000,1.37972,2.05372
187776.00000,1.36588,2.04206
187840.00000,1.35614,2.03548
187904.00000,1.34820,2.03415
187968.00000,1.33756,2.02203
188032.00000,1.32491,2.01060
188096.00000,1.31791,2.00321
188160.00000,1.30812,1.99342
188224.00000,1.29806,1.98176
188288.00000,1.29097,1.97539
188352.00000,1.28763,1.98077
188416.00000,1.27914,1.97442
188480.00000,1.26429,1.96026
188544.00000,1.25494,1.94942
188608.00000,1.24490,1.94190
188672.00000,1.23954,1.93396
188736.00000,1.22861,1.91867
188800.00000,1.21835,1.91127
188864.00000,1.20948,1.90510
188928.00000,1.20226,1.90247
188992.00000,1.19227,1.88979
189056.00000,1.18384,1.88775
189120.00000,1.17766,1.87914
189184.00000,1.17064,1.87474
189248.00000,1.16363,1.86703
189312.00000,1.15612,1.86272
189376.00000,1.14458,1.84948
189440.00000,1.13692,1.84127
189504.00000,1.12974,1.83620
189568.00000,1.12413,1.83677
189632.00000,1.11267,1.82603
189696.00000,1.10046,1.80852
189760.00000,1.09302,1.79742
189824.00000,1.08431,1.79078
189888.00000,1.07484,1.78162
189952.00000,1.06428,1.77204
190016.00000,1.05667,1.76548
190080.00000,1.04691,1.75195
190144.00000,1.03777,1.74452
190208.00000,1.02912,1.73484
190272.00000,1.02132,1.72177
190336.00000,1.01382,1.70616
190400.00000,1.00415,1.69528
190464.00000,0.99309,1.67876
190528.00000,0.98693,1.67866
190592.00000,0.97786,1.66894
190656.00000,0.96438,1.64958
190720.00000,0.95815,1.64248
190784.00000,0.94433,1.62601
190848.00000,0.93771,1.61793
190912.00000,0.93312,1.60499
190976.00000,0.92444,1.59695
191040.00000,0.91305,1.58050
191104.00000,0.90526,1.57257
191168.00000,0.89716,1.56258
191232.00000,0.88846,1.55311
191296.00000,0.87993,1.53544
191360.00000,0.86830,1.51855
191424.00000,0.85487,1.49559
191488.00000,0.84479,1.48662
191552.00000,0.83436,1.47721
191616.00000,0.82770,1.47125
191680.00000,0.81800,1.45761
191744.00000,0.81089,1.44864
191808.00000,0.80341,1.43989
191872.00000,0.79383,1.42950
191936.00000,0.78430,1.41569
192000.00000,0.77815,1.41390
192064.00000,0.77415,1.40423
192128.00000,0.76510,1.39146
192192.00000,0.76074,1.38951
192256.00000,0.75093,1.37543
192320.00000,0.74266,1.36535
192384.00000,0.72848,1.34802
192448.00000,0.72076,1.34504
192512.00000,0.71422,1.33704
192576.00000,0.70132,1.30909
192640.00000,0.69394,1.30417
192704.00000,0.68578,1.29002
192768.00000,0.68088,1.28523
192832.00000,0.67723,1.29066
192896.00000,0.67241,1.29018
192960.00000,0.65974,1.27102
193024.00000,0.64672,1.25159
193088.00000,0.63860,1.24757
193152.00000,0.62893,1.23604
193216.00000,0.62287,1.22876
193280.00000,0.61849,1.23092
193344.00000,0.60816,1.21309
193408.00000,0.59916,1.19844
193472.00000,0.59263,1.18873
193536.00000,0.58594,1.18693
193600.00000,0.57773,1.17808
193664.00000,0.57421,1.17529
193728.00000,0.56820,1.18059
193792.00000,0.55419,1.15382
193856.00000,0.54150,1.12707
193920.00000,0.53202,1.10913
193984.00000,0.52637,1.10186
194048.00000,0.52034,1.09488
194112.00000,0.51718,1.10427
194176.00000,0.50973,1.08266
194240.00000,0.50105,1.06911
194304.00000,0.48744,1.04164
194368.00000,0.47758,1.02269
194432.00000,0.47151,1.01537
194496.00000,0.46580,1.01548
194560.00000,0.45829,1.00362
194624.00000,0.45108,0.98746
194688.00000,0.44186,0.96907
194752.00000,0.43927,0.96650
194816.00000,0.43387,0.95629
194880.00000,0.42647,0.95266
194944.00000,0.42342,0.95456
195008.00000,0.40824,0.91960
195072.00000,0.40028,0.89631
195136.00000,0.39471,0.89949
195200.00000,0.38610,0.88560
195264.00000,0.37634,0.87472
195328.00000,0.36492,0.84243
195392.00000,0.35615,0.82187
195456.00000,0.35211,0.82733
195520.00000,0.34402,0.81439
195584.00000,0.33813,0.79168
195648.00000,0.32786,0.76408
195712.00000,0.31915,0.75505
195776.00000,0.30639,0.72541
195840.00000,0.30244,0.75622
195904.00000,0.29543,0.71971
195968.00000,0.28457,0.68231
196032.00000,0.27144,0.63068
196096.00000,0.25888,0.58411
196160.00000,0.25259,0.56999
196224.00000,0.24095,0.50615
196288.00000,0.22692,0.45474
196352.00000,0.22215,0.46512
196416.00000,0.20592,0.36220
196480.00000,0.19496,0.33276
196544.00000,0.18592,0.31157
196608.00000,0.18041,0.28834
